"","Id","cover","ff","Layer_1","year","month","day"
"1",1,"non-woody-winsen","4/8",0,"2018","08","12"
"2",2,"non-woody","0",0,"2018","08","12"
"3",3,"non-woody-winsen","5.8",0,"2018","08","12"
"4",4,"waterbody","7/8",0,"2018","08","12"
"5",5,"non-woody","5/8",0,"2018","08","12"
"6",6,"non-woody","2/8",0,"2018","08","12"
"7",7,"non-woody","3/8",0,"2018","08","12"
"8",8,"non-woody","5/8",0,"2018","08","12"
"9",9,"non-woody","3/8",0,"2018","08","12"
"10",10,"waterbody","8/8",0,"2018","08","12"
"11",11,"woody","4/5",0,"2018","08","12"
"12",12,"non-woody","7/8",0,"2018","08","12"
"13",13,"woody","1/8",0,"2018","08","12"
"14",14,"woody","8/8",0,"2018","08","12"
"15",1,"non-woody-winsen","4/8",0,"2018","08","28"
"16",2,"non-woody","0",0,"2018","08","28"
"17",3,"non-woody-winsen","5.8",0,"2018","08","28"
"18",4,"waterbody","7/8",0,"2018","08","28"
"19",5,"non-woody","5/8",0,"2018","08","28"
"20",6,"non-woody","2/8",0,"2018","08","28"
"21",7,"non-woody","3/8",0,"2018","08","28"
"22",8,"non-woody","5/8",0,"2018","08","28"
"23",9,"non-woody","3/8",0,"2018","08","28"
"24",10,"waterbody","8/8",0,"2018","08","28"
"25",11,"woody","4/5",0,"2018","08","28"
"26",12,"non-woody","7/8",0,"2018","08","28"
"27",13,"woody","1/8",0,"2018","08","28"
"28",14,"woody","8/8",0,"2018","08","28"
"29",1,"non-woody-winsen","4/8",0,"2018","09","13"
"30",2,"non-woody","0",0,"2018","09","13"
"31",3,"non-woody-winsen","5.8",0,"2018","09","13"
"32",4,"waterbody","7/8",0,"2018","09","13"
"33",5,"non-woody","5/8",0,"2018","09","13"
"34",6,"non-woody","2/8",0,"2018","09","13"
"35",7,"non-woody","3/8",0,"2018","09","13"
"36",8,"non-woody","5/8",0,"2018","09","13"
"37",9,"non-woody","3/8",0,"2018","09","13"
"38",10,"waterbody","8/8",0,"2018","09","13"
"39",11,"woody","4/5",0,"2018","09","13"
"40",12,"non-woody","7/8",0,"2018","09","13"
"41",13,"woody","1/8",0,"2018","09","13"
"42",14,"woody","8/8",0,"2018","09","13"
"43",1,"non-woody-winsen","4/8",0,"2018","09","29"
"44",2,"non-woody","0",0,"2018","09","29"
"45",3,"non-woody-winsen","5.8",0,"2018","09","29"
"46",4,"waterbody","7/8",0,"2018","09","29"
"47",5,"non-woody","5/8",0,"2018","09","29"
"48",6,"non-woody","2/8",0,"2018","09","29"
"49",7,"non-woody","3/8",0,"2018","09","29"
"50",8,"non-woody","5/8",0,"2018","09","29"
"51",9,"non-woody","3/8",0,"2018","09","29"
"52",10,"waterbody","8/8",0,"2018","09","29"
"53",11,"woody","4/5",0,"2018","09","29"
"54",12,"non-woody","7/8",0,"2018","09","29"
"55",13,"woody","1/8",0,"2018","09","29"
"56",14,"woody","8/8",0,"2018","09","29"
"57",1,"non-woody-winsen","4/8",0,"2018","10","31"
"58",2,"non-woody","0",0,"2018","10","31"
"59",3,"non-woody-winsen","5.8",0,"2018","10","31"
"60",4,"waterbody","7/8",0,"2018","10","31"
"61",5,"non-woody","5/8",0,"2018","10","31"
"62",6,"non-woody","2/8",0,"2018","10","31"
"63",7,"non-woody","3/8",0,"2018","10","31"
"64",8,"non-woody","5/8",0,"2018","10","31"
"65",9,"non-woody","3/8",0,"2018","10","31"
"66",10,"waterbody","8/8",0,"2018","10","31"
"67",11,"woody","4/5",0,"2018","10","31"
"68",12,"non-woody","7/8",0,"2018","10","31"
"69",13,"woody","1/8",0,"2018","10","31"
"70",14,"woody","8/8",0,"2018","10","31"
"71",1,"non-woody-winsen","4/8",0,"2018","11","16"
"72",2,"non-woody","0",0,"2018","11","16"
"73",3,"non-woody-winsen","5.8",0,"2018","11","16"
"74",4,"waterbody","7/8",0,"2018","11","16"
"75",5,"non-woody","5/8",0,"2018","11","16"
"76",6,"non-woody","2/8",0,"2018","11","16"
"77",7,"non-woody","3/8",0,"2018","11","16"
"78",8,"non-woody","5/8",0,"2018","11","16"
"79",9,"non-woody","3/8",0,"2018","11","16"
"80",10,"waterbody","8/8",0,"2018","11","16"
"81",11,"woody","4/5",0,"2018","11","16"
"82",12,"non-woody","7/8",0,"2018","11","16"
"83",13,"woody","1/8",0,"2018","11","16"
"84",14,"woody","8/8",0,"2018","11","16"
"85",1,"non-woody-winsen","4/8",0,"2018","12","18"
"86",2,"non-woody","0",0,"2018","12","18"
"87",3,"non-woody-winsen","5.8",0,"2018","12","18"
"88",4,"waterbody","7/8",0,"2018","12","18"
"89",5,"non-woody","5/8",0,"2018","12","18"
"90",6,"non-woody","2/8",0,"2018","12","18"
"91",7,"non-woody","3/8",0,"2018","12","18"
"92",8,"non-woody","5/8",0,"2018","12","18"
"93",9,"non-woody","3/8",0,"2018","12","18"
"94",10,"waterbody","8/8",0,"2018","12","18"
"95",11,"woody","4/5",0,"2018","12","18"
"96",12,"non-woody","7/8",0,"2018","12","18"
"97",13,"woody","1/8",0,"2018","12","18"
"98",14,"woody","8/8",0,"2018","12","18"
"99",1,"non-woody-winsen","4/8",0,"2019","01","03"
"100",2,"non-woody","0",0,"2019","01","03"
"101",3,"non-woody-winsen","5.8",0,"2019","01","03"
"102",4,"waterbody","7/8",0,"2019","01","03"
"103",5,"non-woody","5/8",0,"2019","01","03"
"104",6,"non-woody","2/8",0,"2019","01","03"
"105",7,"non-woody","3/8",0,"2019","01","03"
"106",8,"non-woody","5/8",0,"2019","01","03"
"107",9,"non-woody","3/8",0,"2019","01","03"
"108",10,"waterbody","8/8",0,"2019","01","03"
"109",11,"woody","4/5",0,"2019","01","03"
"110",12,"non-woody","7/8",0,"2019","01","03"
"111",13,"woody","1/8",0,"2019","01","03"
"112",14,"woody","8/8",0,"2019","01","03"
"113",1,"non-woody-winsen","4/8",0,"2019","01","19"
"114",2,"non-woody","0",0,"2019","01","19"
"115",3,"non-woody-winsen","5.8",0,"2019","01","19"
"116",4,"waterbody","7/8",0,"2019","01","19"
"117",5,"non-woody","5/8",0,"2019","01","19"
"118",6,"non-woody","2/8",0,"2019","01","19"
"119",7,"non-woody","3/8",0,"2019","01","19"
"120",8,"non-woody","5/8",0,"2019","01","19"
"121",9,"non-woody","3/8",0,"2019","01","19"
"122",10,"waterbody","8/8",0,"2019","01","19"
"123",11,"woody","4/5",0,"2019","01","19"
"124",12,"non-woody","7/8",0,"2019","01","19"
"125",13,"woody","1/8",0,"2019","01","19"
"126",14,"woody","8/8",0,"2019","01","19"
"127",1,"non-woody-winsen","4/8",9,"2018","07","02"
"128",2,"non-woody","0",9,"2018","07","02"
"129",3,"non-woody-winsen","5.8",9,"2018","07","02"
"130",4,"waterbody","7/8",9,"2018","07","02"
"131",5,"non-woody","5/8",9,"2018","07","02"
"132",6,"non-woody","2/8",9,"2018","07","02"
"133",7,"non-woody","3/8",9,"2018","07","02"
"134",8,"non-woody","5/8",9,"2018","07","02"
"135",9,"non-woody","3/8",9,"2018","07","02"
"136",10,"waterbody","8/8",7.66666666666667,"2018","07","02"
"137",11,"woody","4/5",9,"2018","07","02"
"138",12,"non-woody","7/8",9,"2018","07","02"
"139",13,"woody","1/8",9,"2018","07","02"
"140",14,"woody","8/8",7.66666666666667,"2018","07","02"
"141",1,"non-woody-winsen","4/8",9,"2018","07","18"
"142",2,"non-woody","0",9,"2018","07","18"
"143",3,"non-woody-winsen","5.8",9,"2018","07","18"
"144",4,"waterbody","7/8",9,"2018","07","18"
"145",5,"non-woody","5/8",9,"2018","07","18"
"146",6,"non-woody","2/8",9,"2018","07","18"
"147",7,"non-woody","3/8",9,"2018","07","18"
"148",8,"non-woody","5/8",9,"2018","07","18"
"149",9,"non-woody","3/8",9,"2018","07","18"
"150",10,"waterbody","8/8",9,"2018","07","18"
"151",11,"woody","4/5",9,"2018","07","18"
"152",12,"non-woody","7/8",9,"2018","07","18"
"153",13,"woody","1/8",9,"2018","07","18"
"154",14,"woody","8/8",7.08333333333333,"2018","07","18"
"155",1,"non-woody-winsen","4/8",9,"2018","09","04"
"156",2,"non-woody","0",9,"2018","09","04"
"157",3,"non-woody-winsen","5.8",9,"2018","09","04"
"158",4,"waterbody","7/8",9,"2018","09","04"
"159",5,"non-woody","5/8",9,"2018","09","04"
"160",6,"non-woody","2/8",9,"2018","09","04"
"161",7,"non-woody","3/8",9,"2018","09","04"
"162",8,"non-woody","5/8",9,"2018","09","04"
"163",9,"non-woody","3/8",9,"2018","09","04"
"164",10,"waterbody","8/8",9,"2018","09","04"
"165",11,"woody","4/5",9,"2018","09","04"
"166",12,"non-woody","7/8",9,"2018","09","04"
"167",13,"woody","1/8",9,"2018","09","04"
"168",14,"woody","8/8",7,"2018","09","04"
"169",1,"non-woody-winsen","4/8",9,"2018","10","06"
"170",2,"non-woody","0",9,"2018","10","06"
"171",3,"non-woody-winsen","5.8",9,"2018","10","06"
"172",4,"waterbody","7/8",9,"2018","10","06"
"173",5,"non-woody","5/8",9,"2018","10","06"
"174",6,"non-woody","2/8",9,"2018","10","06"
"175",7,"non-woody","3/8",9,"2018","10","06"
"176",8,"non-woody","5/8",9,"2018","10","06"
"177",9,"non-woody","3/8",9,"2018","10","06"
"178",10,"waterbody","8/8",9,"2018","10","06"
"179",11,"woody","4/5",9,"2018","10","06"
"180",12,"non-woody","7/8",9,"2018","10","06"
"181",13,"woody","1/8",9,"2018","10","06"
"182",14,"woody","8/8",6.58333333333333,"2018","10","06"
"183",1,"non-woody-winsen","4/8",9,"2018","10","22"
"184",2,"non-woody","0",9,"2018","10","22"
"185",3,"non-woody-winsen","5.8",9,"2018","10","22"
"186",4,"waterbody","7/8",9,"2018","10","22"
"187",5,"non-woody","5/8",9,"2018","10","22"
"188",6,"non-woody","2/8",9,"2018","10","22"
"189",7,"non-woody","3/8",9,"2018","10","22"
"190",8,"non-woody","5/8",9,"2018","10","22"
"191",9,"non-woody","3/8",9,"2018","10","22"
"192",10,"waterbody","8/8",2.5,"2018","10","22"
"193",11,"woody","4/5",9,"2018","10","22"
"194",12,"non-woody","7/8",2.11111111111111,"2018","10","22"
"195",13,"woody","1/8",9,"2018","10","22"
"196",14,"woody","8/8",1,"2018","10","22"
"197",1,"non-woody-winsen","4/8",9,"2018","12","25"
"198",2,"non-woody","0",9,"2018","12","25"
"199",3,"non-woody-winsen","5.8",9,"2018","12","25"
"200",4,"waterbody","7/8",9,"2018","12","25"
"201",5,"non-woody","5/8",9,"2018","12","25"
"202",6,"non-woody","2/8",9,"2018","12","25"
"203",7,"non-woody","3/8",9,"2018","12","25"
"204",8,"non-woody","5/8",9,"2018","12","25"
"205",9,"non-woody","3/8",9,"2018","12","25"
"206",10,"waterbody","8/8",9,"2018","12","25"
"207",11,"woody","4/5",9,"2018","12","25"
"208",12,"non-woody","7/8",9,"2018","12","25"
"209",13,"woody","1/8",9,"2018","12","25"
"210",14,"woody","8/8",1.66666666666667,"2018","12","25"
"211",1,"non-woody-winsen","4/8",9,"2019","01","10"
"212",2,"non-woody","0",9,"2019","01","10"
"213",3,"non-woody-winsen","5.8",9,"2019","01","10"
"214",4,"waterbody","7/8",9,"2019","01","10"
"215",5,"non-woody","5/8",9,"2019","01","10"
"216",6,"non-woody","2/8",9,"2019","01","10"
"217",7,"non-woody","3/8",9,"2019","01","10"
"218",8,"non-woody","5/8",9,"2019","01","10"
"219",9,"non-woody","3/8",9,"2019","01","10"
"220",10,"waterbody","8/8",9,"2019","01","10"
"221",11,"woody","4/5",9,"2019","01","10"
"222",12,"non-woody","7/8",9,"2019","01","10"
"223",13,"woody","1/8",9,"2019","01","10"
"224",14,"woody","8/8",3.75,"2019","01","10"
"225",1,"non-woody-winsen","4/8",9,"2019","02","11"
"226",2,"non-woody","0",9,"2019","02","11"
"227",3,"non-woody-winsen","5.8",9,"2019","02","11"
"228",4,"waterbody","7/8",9,"2019","02","11"
"229",5,"non-woody","5/8",9,"2019","02","11"
"230",6,"non-woody","2/8",9,"2019","02","11"
"231",7,"non-woody","3/8",9,"2019","02","11"
"232",8,"non-woody","5/8",9,"2019","02","11"
"233",9,"non-woody","3/8",9,"2019","02","11"
"234",10,"waterbody","8/8",5.16666666666667,"2019","02","11"
"235",11,"woody","4/5",9,"2019","02","11"
"236",12,"non-woody","7/8",9,"2019","02","11"
"237",13,"woody","1/8",9,"2019","02","11"
"238",14,"woody","8/8",1.75,"2019","02","11"
"239",1,"non-woody-winsen","4/8",9,"2019","03","15"
"240",2,"non-woody","0",9,"2019","03","15"
"241",3,"non-woody-winsen","5.8",9,"2019","03","15"
"242",4,"waterbody","7/8",9,"2019","03","15"
"243",5,"non-woody","5/8",9,"2019","03","15"
"244",6,"non-woody","2/8",9,"2019","03","15"
"245",7,"non-woody","3/8",9,"2019","03","15"
"246",8,"non-woody","5/8",9,"2019","03","15"
"247",9,"non-woody","3/8",9,"2019","03","15"
"248",10,"waterbody","8/8",9,"2019","03","15"
"249",11,"woody","4/5",9,"2019","03","15"
"250",12,"non-woody","7/8",9,"2019","03","15"
"251",13,"woody","1/8",9,"2019","03","15"
"252",14,"woody","8/8",2.5,"2019","03","15"
"253",1,"non-woody-winsen","4/8",9,"2019","06","19"
"254",2,"non-woody","0",9,"2019","06","19"
"255",3,"non-woody-winsen","5.8",9,"2019","06","19"
"256",4,"waterbody","7/8",9,"2019","06","19"
"257",5,"non-woody","5/8",9,"2019","06","19"
"258",6,"non-woody","2/8",9,"2019","06","19"
"259",7,"non-woody","3/8",9,"2019","06","19"
"260",8,"non-woody","5/8",9,"2019","06","19"
"261",9,"non-woody","3/8",9,"2019","06","19"
"262",10,"waterbody","8/8",7.83333333333333,"2019","06","19"
"263",11,"woody","4/5",9,"2019","06","19"
"264",12,"non-woody","7/8",9,"2019","06","19"
"265",13,"woody","1/8",9,"2019","06","19"
"266",14,"woody","8/8",7.16666666666667,"2019","06","19"
"267",1,"non-woody-winsen","4/8",9,"2019","07","05"
"268",2,"non-woody","0",9,"2019","07","05"
"269",3,"non-woody-winsen","5.8",9,"2019","07","05"
"270",4,"waterbody","7/8",9,"2019","07","05"
"271",5,"non-woody","5/8",9,"2019","07","05"
"272",6,"non-woody","2/8",9,"2019","07","05"
"273",7,"non-woody","3/8",9,"2019","07","05"
"274",8,"non-woody","5/8",9,"2019","07","05"
"275",9,"non-woody","3/8",9,"2019","07","05"
"276",10,"waterbody","8/8",1,"2019","07","05"
"277",11,"woody","4/5",9,"2019","07","05"
"278",12,"non-woody","7/8",5.55555555555556,"2019","07","05"
"279",13,"woody","1/8",9,"2019","07","05"
"280",14,"woody","8/8",5.91666666666667,"2019","07","05"
"281",1,"non-woody-winsen","4/8",9,"2019","08","06"
"282",2,"non-woody","0",9,"2019","08","06"
"283",3,"non-woody-winsen","5.8",9,"2019","08","06"
"284",4,"waterbody","7/8",1,"2019","08","06"
"285",5,"non-woody","5/8",9,"2019","08","06"
"286",6,"non-woody","2/8",9,"2019","08","06"
"287",7,"non-woody","3/8",9,"2019","08","06"
"288",8,"non-woody","5/8",9,"2019","08","06"
"289",9,"non-woody","3/8",9,"2019","08","06"
"290",10,"waterbody","8/8",6.66666666666667,"2019","08","06"
"291",11,"woody","4/5",9,"2019","08","06"
"292",12,"non-woody","7/8",9,"2019","08","06"
"293",13,"woody","1/8",9,"2019","08","06"
"294",14,"woody","8/8",4,"2019","08","06"
"295",1,"non-woody-winsen","4/8",9,"2018","07","15"
"296",2,"non-woody","0",9,"2018","07","15"
"297",3,"non-woody-winsen","5.8",9,"2018","07","15"
"298",4,"waterbody","7/8",9,"2018","07","15"
"299",5,"non-woody","5/8",9,"2018","07","15"
"300",6,"non-woody","2/8",9,"2018","07","15"
"301",7,"non-woody","3/8",9,"2018","07","15"
"302",8,"non-woody","5/8",9,"2018","07","15"
"303",9,"non-woody","3/8",9,"2018","07","15"
"304",10,"waterbody","8/8",8.9125,"2018","07","15"
"305",11,"woody","4/5",9,"2018","07","15"
"306",12,"non-woody","7/8",9,"2018","07","15"
"307",13,"woody","1/8",9,"2018","07","15"
"308",14,"woody","8/8",6.34065934065934,"2018","07","15"
"309",1,"non-woody-winsen","4/8",9,"2018","08","14"
"310",2,"non-woody","0",9,"2018","08","14"
"311",3,"non-woody-winsen","5.8",9,"2018","08","14"
"312",4,"waterbody","7/8",9,"2018","08","14"
"313",5,"non-woody","5/8",9,"2018","08","14"
"314",6,"non-woody","2/8",9,"2018","08","14"
"315",7,"non-woody","3/8",9,"2018","08","14"
"316",8,"non-woody","5/8",9,"2018","08","14"
"317",9,"non-woody","3/8",9,"2018","08","14"
"318",10,"waterbody","8/8",9,"2018","08","14"
"319",11,"woody","4/5",9,"2018","08","14"
"320",12,"non-woody","7/8",9,"2018","08","14"
"321",13,"woody","1/8",9,"2018","08","14"
"322",14,"woody","8/8",5.65934065934066,"2018","08","14"
"323",1,"non-woody-winsen","4/8",9,"2018","08","29"
"324",2,"non-woody","0",9,"2018","08","29"
"325",3,"non-woody-winsen","5.8",9,"2018","08","29"
"326",4,"waterbody","7/8",9,"2018","08","29"
"327",5,"non-woody","5/8",9,"2018","08","29"
"328",6,"non-woody","2/8",9,"2018","08","29"
"329",7,"non-woody","3/8",9,"2018","08","29"
"330",8,"non-woody","5/8",9,"2018","08","29"
"331",9,"non-woody","3/8",9,"2018","08","29"
"332",10,"waterbody","8/8",9,"2018","08","29"
"333",11,"woody","4/5",9,"2018","08","29"
"334",12,"non-woody","7/8",9,"2018","08","29"
"335",13,"woody","1/8",9,"2018","08","29"
"336",14,"woody","8/8",5.43529411764706,"2018","08","29"
"337",1,"non-woody-winsen","4/8",9,"2018","09","08"
"338",2,"non-woody","0",9,"2018","09","08"
"339",3,"non-woody-winsen","5.8",9,"2018","09","08"
"340",4,"waterbody","7/8",9,"2018","09","08"
"341",5,"non-woody","5/8",9,"2018","09","08"
"342",6,"non-woody","2/8",9,"2018","09","08"
"343",7,"non-woody","3/8",9,"2018","09","08"
"344",8,"non-woody","5/8",9,"2018","09","08"
"345",9,"non-woody","3/8",9,"2018","09","08"
"346",10,"waterbody","8/8",9,"2018","09","08"
"347",11,"woody","4/5",9,"2018","09","08"
"348",12,"non-woody","7/8",9,"2018","09","08"
"349",13,"woody","1/8",9,"2018","09","08"
"350",14,"woody","8/8",5.65934065934066,"2018","09","08"
"351",1,"non-woody-winsen","4/8",9,"2018","09","13"
"352",2,"non-woody","0",9,"2018","09","13"
"353",3,"non-woody-winsen","5.8",9,"2018","09","13"
"354",4,"waterbody","7/8",9,"2018","09","13"
"355",5,"non-woody","5/8",9,"2018","09","13"
"356",6,"non-woody","2/8",9,"2018","09","13"
"357",7,"non-woody","3/8",9,"2018","09","13"
"358",8,"non-woody","5/8",9,"2018","09","13"
"359",9,"non-woody","3/8",9,"2018","09","13"
"360",10,"waterbody","8/8",9,"2018","09","13"
"361",11,"woody","4/5",9,"2018","09","13"
"362",12,"non-woody","7/8",9,"2018","09","13"
"363",13,"woody","1/8",9,"2018","09","13"
"364",14,"woody","8/8",6.16483516483517,"2018","09","13"
"365",1,"non-woody-winsen","4/8",9,"2018","10","08"
"366",2,"non-woody","0",9,"2018","10","08"
"367",3,"non-woody-winsen","5.8",9,"2018","10","08"
"368",4,"waterbody","7/8",9,"2018","10","08"
"369",5,"non-woody","5/8",9,"2018","10","08"
"370",6,"non-woody","2/8",9,"2018","10","08"
"371",7,"non-woody","3/8",9,"2018","10","08"
"372",8,"non-woody","5/8",9,"2018","10","08"
"373",9,"non-woody","3/8",9,"2018","10","08"
"374",10,"waterbody","8/8",9,"2018","10","08"
"375",11,"woody","4/5",9,"2018","10","08"
"376",12,"non-woody","7/8",9,"2018","10","08"
"377",13,"woody","1/8",9,"2018","10","08"
"378",14,"woody","8/8",6.36263736263736,"2018","10","08"
"379",1,"non-woody-winsen","4/8",9,"2019","01","31"
"380",2,"non-woody","0",9,"2019","01","31"
"381",3,"non-woody-winsen","5.8",9,"2019","01","31"
"382",4,"waterbody","7/8",9,"2019","01","31"
"383",5,"non-woody","5/8",9,"2019","01","31"
"384",6,"non-woody","2/8",9,"2019","01","31"
"385",7,"non-woody","3/8",9,"2019","01","31"
"386",8,"non-woody","5/8",9,"2019","01","31"
"387",9,"non-woody","3/8",9,"2019","01","31"
"388",10,"waterbody","8/8",9,"2019","01","31"
"389",11,"woody","4/5",9,"2019","01","31"
"390",12,"non-woody","7/8",9,"2019","01","31"
"391",13,"woody","1/8",9,"2019","01","31"
"392",14,"woody","8/8",3.01098901098901,"2019","01","31"
"393",1,"non-woody-winsen","4/8",9,"2019","02","15"
"394",2,"non-woody","0",9,"2019","02","15"
"395",3,"non-woody-winsen","5.8",9,"2019","02","15"
"396",4,"waterbody","7/8",9,"2019","02","15"
"397",5,"non-woody","5/8",9,"2019","02","15"
"398",6,"non-woody","2/8",9,"2019","02","15"
"399",7,"non-woody","3/8",9,"2019","02","15"
"400",8,"non-woody","5/8",9,"2019","02","15"
"401",9,"non-woody","3/8",9,"2019","02","15"
"402",10,"waterbody","8/8",6.2625,"2019","02","15"
"403",11,"woody","4/5",9,"2019","02","15"
"404",12,"non-woody","7/8",9,"2019","02","15"
"405",13,"woody","1/8",9,"2019","02","15"
"406",14,"woody","8/8",1.76923076923077,"2019","02","15"
"407",1,"non-woody-winsen","4/8",9,"2019","02","20"
"408",2,"non-woody","0",9,"2019","02","20"
"409",3,"non-woody-winsen","5.8",9,"2019","02","20"
"410",4,"waterbody","7/8",9,"2019","02","20"
"411",5,"non-woody","5/8",9,"2019","02","20"
"412",6,"non-woody","2/8",9,"2019","02","20"
"413",7,"non-woody","3/8",9,"2019","02","20"
"414",8,"non-woody","5/8",9,"2019","02","20"
"415",9,"non-woody","3/8",9,"2019","02","20"
"416",10,"waterbody","8/8",6.975,"2019","02","20"
"417",11,"woody","4/5",9,"2019","02","20"
"418",12,"non-woody","7/8",9,"2019","02","20"
"419",13,"woody","1/8",9,"2019","02","20"
"420",14,"woody","8/8",1.51648351648352,"2019","02","20"
"421",1,"non-woody-winsen","4/8",9,"2019","02","25"
"422",2,"non-woody","0",9,"2019","02","25"
"423",3,"non-woody-winsen","5.8",9,"2019","02","25"
"424",4,"waterbody","7/8",9,"2019","02","25"
"425",5,"non-woody","5/8",9,"2019","02","25"
"426",6,"non-woody","2/8",9,"2019","02","25"
"427",7,"non-woody","3/8",9,"2019","02","25"
"428",8,"non-woody","5/8",9,"2019","02","25"
"429",9,"non-woody","3/8",9,"2019","02","25"
"430",10,"waterbody","8/8",7.6875,"2019","02","25"
"431",11,"woody","4/5",9,"2019","02","25"
"432",12,"non-woody","7/8",9,"2019","02","25"
"433",13,"woody","1/8",9,"2019","02","25"
"434",14,"woody","8/8",1.98901098901099,"2019","02","25"
"435",1,"non-woody-winsen","4/8",9,"2019","03","02"
"436",2,"non-woody","0",9,"2019","03","02"
"437",3,"non-woody-winsen","5.8",9,"2019","03","02"
"438",4,"waterbody","7/8",9,"2019","03","02"
"439",5,"non-woody","5/8",9,"2019","03","02"
"440",6,"non-woody","2/8",9,"2019","03","02"
"441",7,"non-woody","3/8",9,"2019","03","02"
"442",8,"non-woody","5/8",9,"2019","03","02"
"443",9,"non-woody","3/8",9,"2019","03","02"
"444",10,"waterbody","8/8",7.8625,"2019","03","02"
"445",11,"woody","4/5",9,"2019","03","02"
"446",12,"non-woody","7/8",9,"2019","03","02"
"447",13,"woody","1/8",9,"2019","03","02"
"448",14,"woody","8/8",2.10989010989011,"2019","03","02"
"449",1,"non-woody-winsen","4/8",9,"2019","03","07"
"450",2,"non-woody","0",9,"2019","03","07"
"451",3,"non-woody-winsen","5.8",9,"2019","03","07"
"452",4,"waterbody","7/8",9,"2019","03","07"
"453",5,"non-woody","5/8",9,"2019","03","07"
"454",6,"non-woody","2/8",9,"2019","03","07"
"455",7,"non-woody","3/8",9,"2019","03","07"
"456",8,"non-woody","5/8",9,"2019","03","07"
"457",9,"non-woody","3/8",9,"2019","03","07"
"458",10,"waterbody","8/8",7.95,"2019","03","07"
"459",11,"woody","4/5",9,"2019","03","07"
"460",12,"non-woody","7/8",9,"2019","03","07"
"461",13,"woody","1/8",9,"2019","03","07"
"462",14,"woody","8/8",2.71428571428571,"2019","03","07"
"463",1,"non-woody-winsen","4/8",9,"2019","03","27"
"464",2,"non-woody","0",9,"2019","03","27"
"465",3,"non-woody-winsen","5.8",9,"2019","03","27"
"466",4,"waterbody","7/8",9,"2019","03","27"
"467",5,"non-woody","5/8",9,"2019","03","27"
"468",6,"non-woody","2/8",9,"2019","03","27"
"469",7,"non-woody","3/8",9,"2019","03","27"
"470",8,"non-woody","5/8",9,"2019","03","27"
"471",9,"non-woody","3/8",9,"2019","03","27"
"472",10,"waterbody","8/8",8.3875,"2019","03","27"
"473",11,"woody","4/5",9,"2019","03","27"
"474",12,"non-woody","7/8",9,"2019","03","27"
"475",13,"woody","1/8",9,"2019","03","27"
"476",14,"woody","8/8",5.0989010989011,"2019","03","27"
"477",1,"non-woody-winsen","4/8",9,"2019","04","06"
"478",2,"non-woody","0",9,"2019","04","06"
"479",3,"non-woody-winsen","5.8",9,"2019","04","06"
"480",4,"waterbody","7/8",9,"2019","04","06"
"481",5,"non-woody","5/8",9,"2019","04","06"
"482",6,"non-woody","2/8",9,"2019","04","06"
"483",7,"non-woody","3/8",9,"2019","04","06"
"484",8,"non-woody","5/8",9,"2019","04","06"
"485",9,"non-woody","3/8",9,"2019","04","06"
"486",10,"waterbody","8/8",8.9125,"2019","04","06"
"487",11,"woody","4/5",9,"2019","04","06"
"488",12,"non-woody","7/8",9,"2019","04","06"
"489",13,"woody","1/8",9,"2019","04","06"
"490",14,"woody","8/8",5.20879120879121,"2019","04","06"
"491",1,"non-woody-winsen","4/8",9,"2019","05","06"
"492",2,"non-woody","0",9,"2019","05","06"
"493",3,"non-woody-winsen","5.8",9,"2019","05","06"
"494",4,"waterbody","7/8",9,"2019","05","06"
"495",5,"non-woody","5/8",9,"2019","05","06"
"496",6,"non-woody","2/8",9,"2019","05","06"
"497",7,"non-woody","3/8",9,"2019","05","06"
"498",8,"non-woody","5/8",9,"2019","05","06"
"499",9,"non-woody","3/8",9,"2019","05","06"
"500",10,"waterbody","8/8",7.9125,"2019","05","06"
"501",11,"woody","4/5",9,"2019","05","06"
"502",12,"non-woody","7/8",9,"2019","05","06"
"503",13,"woody","1/8",9,"2019","05","06"
"504",14,"woody","8/8",5.17582417582418,"2019","05","06"
"505",1,"non-woody-winsen","4/8",9,"2019","05","16"
"506",2,"non-woody","0",9,"2019","05","16"
"507",3,"non-woody-winsen","5.8",9,"2019","05","16"
"508",4,"waterbody","7/8",9,"2019","05","16"
"509",5,"non-woody","5/8",9,"2019","05","16"
"510",6,"non-woody","2/8",9,"2019","05","16"
"511",7,"non-woody","3/8",9,"2019","05","16"
"512",8,"non-woody","5/8",9,"2019","05","16"
"513",9,"non-woody","3/8",9,"2019","05","16"
"514",10,"waterbody","8/8",7.4125,"2019","05","16"
"515",11,"woody","4/5",9,"2019","05","16"
"516",12,"non-woody","7/8",9,"2019","05","16"
"517",13,"woody","1/8",9,"2019","05","16"
"518",14,"woody","8/8",4.7032967032967,"2019","05","16"
"519",1,"non-woody-winsen","4/8",9,"2019","06","05"
"520",2,"non-woody","0",9,"2019","06","05"
"521",3,"non-woody-winsen","5.8",9,"2019","06","05"
"522",4,"waterbody","7/8",9,"2019","06","05"
"523",5,"non-woody","5/8",9,"2019","06","05"
"524",6,"non-woody","2/8",9,"2019","06","05"
"525",7,"non-woody","3/8",9,"2019","06","05"
"526",8,"non-woody","5/8",9,"2019","06","05"
"527",9,"non-woody","3/8",9,"2019","06","05"
"528",10,"waterbody","8/8",6.4,"2019","06","05"
"529",11,"woody","4/5",9,"2019","06","05"
"530",12,"non-woody","7/8",9,"2019","06","05"
"531",13,"woody","1/8",9,"2019","06","05"
"532",14,"woody","8/8",5.58241758241758,"2019","06","05"
"533",1,"non-woody-winsen","4/8",9,"2019","06","30"
"534",2,"non-woody","0",9,"2019","06","30"
"535",3,"non-woody-winsen","5.8",9,"2019","06","30"
"536",4,"waterbody","7/8",9,"2019","06","30"
"537",5,"non-woody","5/8",9,"2019","06","30"
"538",6,"non-woody","2/8",9,"2019","06","30"
"539",7,"non-woody","3/8",9,"2019","06","30"
"540",8,"non-woody","5/8",9,"2019","06","30"
"541",9,"non-woody","3/8",9,"2019","06","30"
"542",10,"waterbody","8/8",5.5,"2019","06","30"
"543",11,"woody","4/5",9,"2019","06","30"
"544",12,"non-woody","7/8",9,"2019","06","30"
"545",13,"woody","1/8",9,"2019","06","30"
"546",14,"woody","8/8",6.62637362637363,"2019","06","30"
"547",1,"non-woody-winsen","4/8",9,"2019","07","10"
"548",2,"non-woody","0",9,"2019","07","10"
"549",3,"non-woody-winsen","5.8",9,"2019","07","10"
"550",4,"waterbody","7/8",1,"2019","07","10"
"551",5,"non-woody","5/8",9,"2019","07","10"
"552",6,"non-woody","2/8",9,"2019","07","10"
"553",7,"non-woody","3/8",9,"2019","07","10"
"554",8,"non-woody","5/8",8.49425287356322,"2019","07","10"
"555",9,"non-woody","3/8",9,"2019","07","10"
"556",10,"waterbody","8/8",1,"2019","07","10"
"557",11,"woody","4/5",9,"2019","07","10"
"558",12,"non-woody","7/8",4.30952380952381,"2019","07","10"
"559",13,"woody","1/8",9,"2019","07","10"
"560",14,"woody","8/8",4.48351648351648,"2019","07","10"
"561",1,"non-woody-winsen","4/8",9,"2019","07","20"
"562",2,"non-woody","0",9,"2019","07","20"
"563",3,"non-woody-winsen","5.8",9,"2019","07","20"
"564",4,"waterbody","7/8",1,"2019","07","20"
"565",5,"non-woody","5/8",9,"2019","07","20"
"566",6,"non-woody","2/8",9,"2019","07","20"
"567",7,"non-woody","3/8",9,"2019","07","20"
"568",8,"non-woody","5/8",9,"2019","07","20"
"569",9,"non-woody","3/8",9,"2019","07","20"
"570",10,"waterbody","8/8",2.6,"2019","07","20"
"571",11,"woody","4/5",9,"2019","07","20"
"572",12,"non-woody","7/8",8.25,"2019","07","20"
"573",13,"woody","1/8",9,"2019","07","20"
"574",14,"woody","8/8",4.2967032967033,"2019","07","20"
"575",1,"non-woody-winsen","4/8",9,"2019","07","30"
"576",2,"non-woody","0",9,"2019","07","30"
"577",3,"non-woody-winsen","5.8",9,"2019","07","30"
"578",4,"waterbody","7/8",1,"2019","07","30"
"579",5,"non-woody","5/8",9,"2019","07","30"
"580",6,"non-woody","2/8",9,"2019","07","30"
"581",7,"non-woody","3/8",9,"2019","07","30"
"582",8,"non-woody","5/8",9,"2019","07","30"
"583",9,"non-woody","3/8",9,"2019","07","30"
"584",10,"waterbody","8/8",6.0125,"2019","07","30"
"585",11,"woody","4/5",9,"2019","07","30"
"586",12,"non-woody","7/8",9,"2019","07","30"
"587",13,"woody","1/8",9,"2019","07","30"
"588",14,"woody","8/8",4.67032967032967,"2019","07","30"
"589",1,"non-woody-winsen","4/8",9,"2019","08","24"
"590",2,"non-woody","0",9,"2019","08","24"
"591",3,"non-woody-winsen","5.8",9,"2019","08","24"
"592",4,"waterbody","7/8",1,"2019","08","24"
"593",5,"non-woody","5/8",9,"2019","08","24"
"594",6,"non-woody","2/8",9,"2019","08","24"
"595",7,"non-woody","3/8",9,"2019","08","24"
"596",8,"non-woody","5/8",9,"2019","08","24"
"597",9,"non-woody","3/8",9,"2019","08","24"
"598",10,"waterbody","8/8",9,"2019","08","24"
"599",11,"woody","4/5",9,"2019","08","24"
"600",12,"non-woody","7/8",9,"2019","08","24"
"601",13,"woody","1/8",9,"2019","08","24"
"602",14,"woody","8/8",6.87912087912088,"2019","08","24"
"603",1,"non-woody-winsen","4/8",9,"2019","09","03"
"604",2,"non-woody","0",9,"2019","09","03"
"605",3,"non-woody-winsen","5.8",9,"2019","09","03"
"606",4,"waterbody","7/8",1,"2019","09","03"
"607",5,"non-woody","5/8",9,"2019","09","03"
"608",6,"non-woody","2/8",9,"2019","09","03"
"609",7,"non-woody","3/8",9,"2019","09","03"
"610",8,"non-woody","5/8",9,"2019","09","03"
"611",9,"non-woody","3/8",9,"2019","09","03"
"612",10,"waterbody","8/8",9,"2019","09","03"
"613",11,"woody","4/5",9,"2019","09","03"
"614",12,"non-woody","7/8",9,"2019","09","03"
"615",13,"woody","1/8",9,"2019","09","03"
"616",14,"woody","8/8",6.35294117647059,"2019","09","03"
"617",1,"non-woody-winsen","4/8",9,"2019","09","13"
"618",2,"non-woody","0",9,"2019","09","13"
"619",3,"non-woody-winsen","5.8",9,"2019","09","13"
"620",4,"waterbody","7/8",2.425,"2019","09","13"
"621",5,"non-woody","5/8",9,"2019","09","13"
"622",6,"non-woody","2/8",9,"2019","09","13"
"623",7,"non-woody","3/8",9,"2019","09","13"
"624",8,"non-woody","5/8",9,"2019","09","13"
"625",9,"non-woody","3/8",9,"2019","09","13"
"626",10,"waterbody","8/8",8.91566265060241,"2019","09","13"
"627",11,"woody","4/5",9,"2019","09","13"
"628",12,"non-woody","7/8",9,"2019","09","13"
"629",13,"woody","1/8",9,"2019","09","13"
"630",14,"woody","8/8",7.28235294117647,"2019","09","13"
"631",1,"non-woody-winsen","4/8",9,"2019","09","18"
"632",2,"non-woody","0",9,"2019","09","18"
"633",3,"non-woody-winsen","5.8",9,"2019","09","18"
"634",4,"waterbody","7/8",3.25,"2019","09","18"
"635",5,"non-woody","5/8",9,"2019","09","18"
"636",6,"non-woody","2/8",9,"2019","09","18"
"637",7,"non-woody","3/8",9,"2019","09","18"
"638",8,"non-woody","5/8",9,"2019","09","18"
"639",9,"non-woody","3/8",9,"2019","09","18"
"640",10,"waterbody","8/8",9,"2019","09","18"
"641",11,"woody","4/5",9,"2019","09","18"
"642",12,"non-woody","7/8",9,"2019","09","18"
"643",13,"woody","1/8",9,"2019","09","18"
"644",14,"woody","8/8",7.38823529411765,"2019","09","18"
"645",1,"non-woody-winsen","4/8",9,"2019","09","28"
"646",2,"non-woody","0",9,"2019","09","28"
"647",3,"non-woody-winsen","5.8",9,"2019","09","28"
"648",4,"waterbody","7/8",9,"2019","09","28"
"649",5,"non-woody","5/8",9,"2019","09","28"
"650",6,"non-woody","2/8",9,"2019","09","28"
"651",7,"non-woody","3/8",9,"2019","09","28"
"652",8,"non-woody","5/8",9,"2019","09","28"
"653",9,"non-woody","3/8",9,"2019","09","28"
"654",10,"waterbody","8/8",9,"2019","09","28"
"655",11,"woody","4/5",9,"2019","09","28"
"656",12,"non-woody","7/8",9,"2019","09","28"
"657",13,"woody","1/8",9,"2019","09","28"
"658",14,"woody","8/8",7.98823529411765,"2019","09","28"
"659",1,"non-woody-winsen","4/8",9,"2019","10","03"
"660",2,"non-woody","0",9,"2019","10","03"
"661",3,"non-woody-winsen","5.8",9,"2019","10","03"
"662",4,"waterbody","7/8",9,"2019","10","03"
"663",5,"non-woody","5/8",9,"2019","10","03"
"664",6,"non-woody","2/8",9,"2019","10","03"
"665",7,"non-woody","3/8",9,"2019","10","03"
"666",8,"non-woody","5/8",9,"2019","10","03"
"667",9,"non-woody","3/8",9,"2019","10","03"
"668",10,"waterbody","8/8",9,"2019","10","03"
"669",11,"woody","4/5",9,"2019","10","03"
"670",12,"non-woody","7/8",9,"2019","10","03"
"671",13,"woody","1/8",9,"2019","10","03"
"672",14,"woody","8/8",8.58823529411765,"2019","10","03"
"673",1,"non-woody-winsen","4/8",9,"2019","10","18"
"674",2,"non-woody","0",9,"2019","10","18"
"675",3,"non-woody-winsen","5.8",9,"2019","10","18"
"676",4,"waterbody","7/8",9,"2019","10","18"
"677",5,"non-woody","5/8",9,"2019","10","18"
"678",6,"non-woody","2/8",9,"2019","10","18"
"679",7,"non-woody","3/8",9,"2019","10","18"
"680",8,"non-woody","5/8",9,"2019","10","18"
"681",9,"non-woody","3/8",9,"2019","10","18"
"682",10,"waterbody","8/8",9,"2019","10","18"
"683",11,"woody","4/5",9,"2019","10","18"
"684",12,"non-woody","7/8",9,"2019","10","18"
"685",13,"woody","1/8",9,"2019","10","18"
"686",14,"woody","8/8",8.91764705882353,"2019","10","18"
"687",1,"non-woody-winsen","4/8",9,"2019","11","12"
"688",2,"non-woody","0",9,"2019","11","12"
"689",3,"non-woody-winsen","5.8",9,"2019","11","12"
"690",4,"waterbody","7/8",9,"2019","11","12"
"691",5,"non-woody","5/8",9,"2019","11","12"
"692",6,"non-woody","2/8",9,"2019","11","12"
"693",7,"non-woody","3/8",9,"2019","11","12"
"694",8,"non-woody","5/8",9,"2019","11","12"
"695",9,"non-woody","3/8",9,"2019","11","12"
"696",10,"waterbody","8/8",4.26506024096386,"2019","11","12"
"697",11,"woody","4/5",9,"2019","11","12"
"698",12,"non-woody","7/8",8.825,"2019","11","12"
"699",13,"woody","1/8",9,"2019","11","12"
"700",14,"woody","8/8",1.64705882352941,"2019","11","12"
"701",1,"non-woody-winsen","4/8",9,"2019","11","17"
"702",2,"non-woody","0",9,"2019","11","17"
"703",3,"non-woody-winsen","5.8",9,"2019","11","17"
"704",4,"waterbody","7/8",1,"2019","11","17"
"705",5,"non-woody","5/8",9,"2019","11","17"
"706",6,"non-woody","2/8",9,"2019","11","17"
"707",7,"non-woody","3/8",9,"2019","11","17"
"708",8,"non-woody","5/8",9,"2019","11","17"
"709",9,"non-woody","3/8",9,"2019","11","17"
"710",10,"waterbody","8/8",2.19277108433735,"2019","11","17"
"711",11,"woody","4/5",9,"2019","11","17"
"712",12,"non-woody","7/8",5.6,"2019","11","17"
"713",13,"woody","1/8",9,"2019","11","17"
"714",14,"woody","8/8",1.2,"2019","11","17"
"715",1,"non-woody-winsen","4/8",9,"2019","11","22"
"716",2,"non-woody","0",9,"2019","11","22"
"717",3,"non-woody-winsen","5.8",9,"2019","11","22"
"718",4,"waterbody","7/8",1,"2019","11","22"
"719",5,"non-woody","5/8",9,"2019","11","22"
"720",6,"non-woody","2/8",9,"2019","11","22"
"721",7,"non-woody","3/8",9,"2019","11","22"
"722",8,"non-woody","5/8",9,"2019","11","22"
"723",9,"non-woody","3/8",9,"2019","11","22"
"724",10,"waterbody","8/8",2.4578313253012,"2019","11","22"
"725",11,"woody","4/5",9,"2019","11","22"
"726",12,"non-woody","7/8",6.2,"2019","11","22"
"727",13,"woody","1/8",9,"2019","11","22"
"728",14,"woody","8/8",1.17647058823529,"2019","11","22"
"729",1,"non-woody-winsen","4/8",9,"2019","11","27"
"730",2,"non-woody","0",9,"2019","11","27"
"731",3,"non-woody-winsen","5.8",9,"2019","11","27"
"732",4,"waterbody","7/8",1,"2019","11","27"
"733",5,"non-woody","5/8",9,"2019","11","27"
"734",6,"non-woody","2/8",9,"2019","11","27"
"735",7,"non-woody","3/8",9,"2019","11","27"
"736",8,"non-woody","5/8",9,"2019","11","27"
"737",9,"non-woody","3/8",9,"2019","11","27"
"738",10,"waterbody","8/8",1.92771084337349,"2019","11","27"
"739",11,"woody","4/5",9,"2019","11","27"
"740",12,"non-woody","7/8",7.725,"2019","11","27"
"741",13,"woody","1/8",9,"2019","11","27"
"742",14,"woody","8/8",1.23529411764706,"2019","11","27"
"743",1,"non-woody-winsen","4/8",9,"2019","12","07"
"744",2,"non-woody","0",9,"2019","12","07"
"745",3,"non-woody-winsen","5.8",9,"2019","12","07"
"746",4,"waterbody","7/8",1,"2019","12","07"
"747",5,"non-woody","5/8",9,"2019","12","07"
"748",6,"non-woody","2/8",9,"2019","12","07"
"749",7,"non-woody","3/8",9,"2019","12","07"
"750",8,"non-woody","5/8",9,"2019","12","07"
"751",9,"non-woody","3/8",9,"2019","12","07"
"752",10,"waterbody","8/8",4.63855421686747,"2019","12","07"
"753",11,"woody","4/5",9,"2019","12","07"
"754",12,"non-woody","7/8",6.975,"2019","12","07"
"755",13,"woody","1/8",9,"2019","12","07"
"756",14,"woody","8/8",1.49411764705882,"2019","12","07"
"757",1,"non-woody-winsen","4/8",9,"2019","12","17"
"758",2,"non-woody","0",9,"2019","12","17"
"759",3,"non-woody-winsen","5.8",9,"2019","12","17"
"760",4,"waterbody","7/8",1,"2019","12","17"
"761",5,"non-woody","5/8",9,"2019","12","17"
"762",6,"non-woody","2/8",9,"2019","12","17"
"763",7,"non-woody","3/8",9,"2019","12","17"
"764",8,"non-woody","5/8",9,"2019","12","17"
"765",9,"non-woody","3/8",9,"2019","12","17"
"766",10,"waterbody","8/8",6.66265060240964,"2019","12","17"
"767",11,"woody","4/5",9,"2019","12","17"
"768",12,"non-woody","7/8",7.125,"2019","12","17"
"769",13,"woody","1/8",9,"2019","12","17"
"770",14,"woody","8/8",2.68235294117647,"2019","12","17"
"771",1,"non-woody-winsen","4/8",9,"2019","06","15"
"772",2,"non-woody","0",9,"2019","06","15"
"773",3,"non-woody-winsen","5.8",9,"2019","06","15"
"774",4,"waterbody","7/8",9,"2019","06","15"
"775",5,"non-woody","5/8",9,"2019","06","15"
"776",6,"non-woody","2/8",9,"2019","06","15"
"777",7,"non-woody","3/8",9,"2019","06","15"
"778",8,"non-woody","5/8",9,"2019","06","15"
"779",9,"non-woody","3/8",9,"2019","06","15"
"780",10,"waterbody","8/8",6.73493975903614,"2019","06","15"
"781",11,"woody","4/5",9,"2019","06","15"
"782",12,"non-woody","7/8",9,"2019","06","15"
"783",13,"woody","1/8",9,"2019","06","15"
"784",14,"woody","8/8",5.81176470588235,"2019","06","15"
"785",1,"non-woody-winsen","4/8",9,"2018","10","26"
"786",2,"non-woody","0",9,"2018","10","26"
"787",3,"non-woody-winsen","5.8",9,"2018","10","26"
"788",4,"waterbody","7/8",1.2625,"2018","10","26"
"789",5,"non-woody","5/8",9,"2018","10","26"
"790",6,"non-woody","2/8",9,"2018","10","26"
"791",7,"non-woody","3/8",9,"2018","10","26"
"792",8,"non-woody","5/8",9,"2018","10","26"
"793",9,"non-woody","3/8",9,"2018","10","26"
"794",10,"waterbody","8/8",3.7710843373494,"2018","10","26"
"795",11,"woody","4/5",9,"2018","10","26"
"796",12,"non-woody","7/8",1.75,"2018","10","26"
"797",13,"woody","1/8",9,"2018","10","26"
"798",14,"woody","8/8",1.0375,"2018","10","26"
"799",1,"non-woody-winsen","4/8",9,"2018","10","31"
"800",2,"non-woody","0",9,"2018","10","31"
"801",3,"non-woody-winsen","5.8",9,"2018","10","31"
"802",4,"waterbody","7/8",1.775,"2018","10","31"
"803",5,"non-woody","5/8",9,"2018","10","31"
"804",6,"non-woody","2/8",9,"2018","10","31"
"805",7,"non-woody","3/8",9,"2018","10","31"
"806",8,"non-woody","5/8",9,"2018","10","31"
"807",9,"non-woody","3/8",9,"2018","10","31"
"808",10,"waterbody","8/8",4.85542168674699,"2018","10","31"
"809",11,"woody","4/5",9,"2018","10","31"
"810",12,"non-woody","7/8",2.4875,"2018","10","31"
"811",13,"woody","1/8",9,"2018","10","31"
"812",14,"woody","8/8",1.0375,"2018","10","31"
"813",1,"non-woody-winsen","4/8",9,"2018","11","10"
"814",2,"non-woody","0",9,"2018","11","10"
"815",3,"non-woody-winsen","5.8",9,"2018","11","10"
"816",4,"waterbody","7/8",9,"2018","11","10"
"817",5,"non-woody","5/8",9,"2018","11","10"
"818",6,"non-woody","2/8",9,"2018","11","10"
"819",7,"non-woody","3/8",9,"2018","11","10"
"820",8,"non-woody","5/8",9,"2018","11","10"
"821",9,"non-woody","3/8",9,"2018","11","10"
"822",10,"waterbody","8/8",6.80722891566265,"2018","11","10"
"823",11,"woody","4/5",9,"2018","11","10"
"824",12,"non-woody","7/8",5.925,"2018","11","10"
"825",13,"woody","1/8",9,"2018","11","10"
"826",14,"woody","8/8",1.0375,"2018","11","10"
"827",1,"non-woody-winsen","4/8",9,"2019","01","24"
"828",2,"non-woody","0",9,"2019","01","24"
"829",3,"non-woody-winsen","5.8",9,"2019","01","24"
"830",4,"waterbody","7/8",9,"2019","01","24"
"831",5,"non-woody","5/8",9,"2019","01","24"
"832",6,"non-woody","2/8",9,"2019","01","24"
"833",7,"non-woody","3/8",9,"2019","01","24"
"834",8,"non-woody","5/8",9,"2019","01","24"
"835",9,"non-woody","3/8",9,"2019","01","24"
"836",10,"waterbody","8/8",9,"2019","01","24"
"837",11,"woody","4/5",9,"2019","01","24"
"838",12,"non-woody","7/8",9,"2019","01","24"
"839",13,"woody","1/8",9,"2019","01","24"
"840",14,"woody","8/8",2,"2019","01","24"
"841",1,"non-woody-winsen","4/8",9,"2019","03","20"
"842",2,"non-woody","0",9,"2019","03","20"
"843",3,"non-woody-winsen","5.8",9,"2019","03","20"
"844",4,"waterbody","7/8",9,"2019","03","20"
"845",5,"non-woody","5/8",9,"2019","03","20"
"846",6,"non-woody","2/8",9,"2019","03","20"
"847",7,"non-woody","3/8",9,"2019","03","20"
"848",8,"non-woody","5/8",9,"2019","03","20"
"849",9,"non-woody","3/8",9,"2019","03","20"
"850",10,"waterbody","8/8",8.91566265060241,"2019","03","20"
"851",11,"woody","4/5",9,"2019","03","20"
"852",12,"non-woody","7/8",9,"2019","03","20"
"853",13,"woody","1/8",9,"2019","03","20"
"854",14,"woody","8/8",3.0875,"2019","03","20"
"855",1,"non-woody-winsen","4/8",9,"2019","04","19"
"856",2,"non-woody","0",9,"2019","04","19"
"857",3,"non-woody-winsen","5.8",9,"2019","04","19"
"858",4,"waterbody","7/8",9,"2019","04","19"
"859",5,"non-woody","5/8",9,"2019","04","19"
"860",6,"non-woody","2/8",9,"2019","04","19"
"861",7,"non-woody","3/8",9,"2019","04","19"
"862",8,"non-woody","5/8",9,"2019","04","19"
"863",9,"non-woody","3/8",9,"2019","04","19"
"864",10,"waterbody","8/8",9,"2019","04","19"
"865",11,"woody","4/5",9,"2019","04","19"
"866",12,"non-woody","7/8",9,"2019","04","19"
"867",13,"woody","1/8",9,"2019","04","19"
"868",14,"woody","8/8",5.1375,"2019","04","19"
"869",1,"non-woody-winsen","4/8",9,"2019","07","23"
"870",2,"non-woody","0",9,"2019","07","23"
"871",3,"non-woody-winsen","5.8",9,"2019","07","23"
"872",4,"waterbody","7/8",1,"2019","07","23"
"873",5,"non-woody","5/8",9,"2019","07","23"
"874",6,"non-woody","2/8",9,"2019","07","23"
"875",7,"non-woody","3/8",9,"2019","07","23"
"876",8,"non-woody","5/8",9,"2019","07","23"
"877",9,"non-woody","3/8",9,"2019","07","23"
"878",10,"waterbody","8/8",3.14457831325301,"2019","07","23"
"879",11,"woody","4/5",9,"2019","07","23"
"880",12,"non-woody","7/8",9,"2019","07","23"
"881",13,"woody","1/8",9,"2019","07","23"
"882",14,"woody","8/8",3.5125,"2019","07","23"
"883",1,"non-woody-winsen","4/8",9,"2019","07","28"
"884",2,"non-woody","0",9,"2019","07","28"
"885",3,"non-woody-winsen","5.8",9,"2019","07","28"
"886",4,"waterbody","7/8",1,"2019","07","28"
"887",5,"non-woody","5/8",9,"2019","07","28"
"888",6,"non-woody","2/8",9,"2019","07","28"
"889",7,"non-woody","3/8",9,"2019","07","28"
"890",8,"non-woody","5/8",9,"2019","07","28"
"891",9,"non-woody","3/8",9,"2019","07","28"
"892",10,"waterbody","8/8",3.46987951807229,"2019","07","28"
"893",11,"woody","4/5",9,"2019","07","28"
"894",12,"non-woody","7/8",9,"2019","07","28"
"895",13,"woody","1/8",9,"2019","07","28"
"896",14,"woody","8/8",3.0875,"2019","07","28"
"897",1,"non-woody-winsen","4/8",9,"2019","08","02"
"898",2,"non-woody","0",9,"2019","08","02"
"899",3,"non-woody-winsen","5.8",9,"2019","08","02"
"900",4,"waterbody","7/8",1,"2019","08","02"
"901",5,"non-woody","5/8",9,"2019","08","02"
"902",6,"non-woody","2/8",9,"2019","08","02"
"903",7,"non-woody","3/8",9,"2019","08","02"
"904",8,"non-woody","5/8",9,"2019","08","02"
"905",9,"non-woody","3/8",9,"2019","08","02"
"906",10,"waterbody","8/8",4,"2019","08","02"
"907",11,"woody","4/5",9,"2019","08","02"
"908",12,"non-woody","7/8",9,"2019","08","02"
"909",13,"woody","1/8",9,"2019","08","02"
"910",14,"woody","8/8",3.0875,"2019","08","02"
"911",1,"non-woody-winsen","4/8",9,"2019","08","17"
"912",2,"non-woody","0",9,"2019","08","17"
"913",3,"non-woody-winsen","5.8",9,"2019","08","17"
"914",4,"waterbody","7/8",1,"2019","08","17"
"915",5,"non-woody","5/8",9,"2019","08","17"
"916",6,"non-woody","2/8",9,"2019","08","17"
"917",7,"non-woody","3/8",9,"2019","08","17"
"918",8,"non-woody","5/8",9,"2019","08","17"
"919",9,"non-woody","3/8",9,"2019","08","17"
"920",10,"waterbody","8/8",8.66265060240964,"2019","08","17"
"921",11,"woody","4/5",9,"2019","08","17"
"922",12,"non-woody","7/8",9,"2019","08","17"
"923",13,"woody","1/8",9,"2019","08","17"
"924",14,"woody","8/8",4.6375,"2019","08","17"
"925",1,"non-woody-winsen","4/8",9,"2020","01","01"
"926",2,"non-woody","0",9,"2020","01","01"
"927",3,"non-woody-winsen","5.8",9,"2020","01","01"
"928",4,"waterbody","7/8",9,"2020","01","01"
"929",5,"non-woody","5/8",9,"2020","01","01"
"930",6,"non-woody","2/8",9,"2020","01","01"
"931",7,"non-woody","3/8",9,"2020","01","01"
"932",8,"non-woody","5/8",9,"2020","01","01"
"933",9,"non-woody","3/8",9,"2020","01","01"
"934",10,"waterbody","8/8",7.48192771084337,"2020","01","01"
"935",11,"woody","4/5",9,"2020","01","01"
"936",12,"non-woody","7/8",9,"2020","01","01"
"937",13,"woody","1/8",9,"2020","01","01"
"938",14,"woody","8/8",6.8,"2020","01","01"
"939",1,"non-woody-winsen","4/8",9,"2020","01","16"
"940",2,"non-woody","0",9,"2020","01","16"
"941",3,"non-woody-winsen","5.8",9,"2020","01","16"
"942",4,"waterbody","7/8",9,"2020","01","16"
"943",5,"non-woody","5/8",9,"2020","01","16"
"944",6,"non-woody","2/8",9,"2020","01","16"
"945",7,"non-woody","3/8",9,"2020","01","16"
"946",8,"non-woody","5/8",9,"2020","01","16"
"947",9,"non-woody","3/8",9,"2020","01","16"
"948",10,"waterbody","8/8",9,"2020","01","16"
"949",11,"woody","4/5",9,"2020","01","16"
"950",12,"non-woody","7/8",9,"2020","01","16"
"951",13,"woody","1/8",9,"2020","01","16"
"952",14,"woody","8/8",9,"2020","01","16"
"953",1,"non-woody-winsen","4/8",9,"2020","01","26"
"954",2,"non-woody","0",9,"2020","01","26"
"955",3,"non-woody-winsen","5.8",9,"2020","01","26"
"956",4,"waterbody","7/8",9,"2020","01","26"
"957",5,"non-woody","5/8",9,"2020","01","26"
"958",6,"non-woody","2/8",9,"2020","01","26"
"959",7,"non-woody","3/8",9,"2020","01","26"
"960",8,"non-woody","5/8",9,"2020","01","26"
"961",9,"non-woody","3/8",9,"2020","01","26"
"962",10,"waterbody","8/8",9,"2020","01","26"
"963",11,"woody","4/5",9,"2020","01","26"
"964",12,"non-woody","7/8",9,"2020","01","26"
"965",13,"woody","1/8",9,"2020","01","26"
"966",14,"woody","8/8",9,"2020","01","26"
"967",1,"non-woody-winsen","4/8",9,"2020","02","05"
"968",2,"non-woody","0",9,"2020","02","05"
"969",3,"non-woody-winsen","5.8",9,"2020","02","05"
"970",4,"waterbody","7/8",9,"2020","02","05"
"971",5,"non-woody","5/8",9,"2020","02","05"
"972",6,"non-woody","2/8",9,"2020","02","05"
"973",7,"non-woody","3/8",9,"2020","02","05"
"974",8,"non-woody","5/8",9,"2020","02","05"
"975",9,"non-woody","3/8",9,"2020","02","05"
"976",10,"waterbody","8/8",9,"2020","02","05"
"977",11,"woody","4/5",9,"2020","02","05"
"978",12,"non-woody","7/8",9,"2020","02","05"
"979",13,"woody","1/8",9,"2020","02","05"
"980",14,"woody","8/8",9,"2020","02","05"
"981",1,"non-woody-winsen","4/8",9,"2020","02","20"
"982",2,"non-woody","0",9,"2020","02","20"
"983",3,"non-woody-winsen","5.8",9,"2020","02","20"
"984",4,"waterbody","7/8",9,"2020","02","20"
"985",5,"non-woody","5/8",9,"2020","02","20"
"986",6,"non-woody","2/8",9,"2020","02","20"
"987",7,"non-woody","3/8",9,"2020","02","20"
"988",8,"non-woody","5/8",9,"2020","02","20"
"989",9,"non-woody","3/8",9,"2020","02","20"
"990",10,"waterbody","8/8",9,"2020","02","20"
"991",11,"woody","4/5",9,"2020","02","20"
"992",12,"non-woody","7/8",9,"2020","02","20"
"993",13,"woody","1/8",9,"2020","02","20"
"994",14,"woody","8/8",9,"2020","02","20"
"995",1,"non-woody-winsen","4/8",9,"2020","03","16"
"996",2,"non-woody","0",9,"2020","03","16"
"997",3,"non-woody-winsen","5.8",9,"2020","03","16"
"998",4,"waterbody","7/8",9,"2020","03","16"
"999",5,"non-woody","5/8",9,"2020","03","16"
"1000",6,"non-woody","2/8",9,"2020","03","16"
"1001",7,"non-woody","3/8",9,"2020","03","16"
"1002",8,"non-woody","5/8",9,"2020","03","16"
"1003",9,"non-woody","3/8",9,"2020","03","16"
"1004",10,"waterbody","8/8",9,"2020","03","16"
"1005",11,"woody","4/5",9,"2020","03","16"
"1006",12,"non-woody","7/8",9,"2020","03","16"
"1007",13,"woody","1/8",9,"2020","03","16"
"1008",14,"woody","8/8",9,"2020","03","16"
"1009",1,"non-woody-winsen","4/8",9,"2020","03","26"
"1010",2,"non-woody","0",9,"2020","03","26"
"1011",3,"non-woody-winsen","5.8",9,"2020","03","26"
"1012",4,"waterbody","7/8",9,"2020","03","26"
"1013",5,"non-woody","5/8",9,"2020","03","26"
"1014",6,"non-woody","2/8",9,"2020","03","26"
"1015",7,"non-woody","3/8",9,"2020","03","26"
"1016",8,"non-woody","5/8",9,"2020","03","26"
"1017",9,"non-woody","3/8",9,"2020","03","26"
"1018",10,"waterbody","8/8",8.24096385542169,"2020","03","26"
"1019",11,"woody","4/5",9,"2020","03","26"
"1020",12,"non-woody","7/8",9,"2020","03","26"
"1021",13,"woody","1/8",9,"2020","03","26"
"1022",14,"woody","8/8",9,"2020","03","26"
"1023",1,"non-woody-winsen","4/8",9,"2020","03","31"
"1024",2,"non-woody","0",9,"2020","03","31"
"1025",3,"non-woody-winsen","5.8",9,"2020","03","31"
"1026",4,"waterbody","7/8",9,"2020","03","31"
"1027",5,"non-woody","5/8",9,"2020","03","31"
"1028",6,"non-woody","2/8",9,"2020","03","31"
"1029",7,"non-woody","3/8",9,"2020","03","31"
"1030",8,"non-woody","5/8",9,"2020","03","31"
"1031",9,"non-woody","3/8",9,"2020","03","31"
"1032",10,"waterbody","8/8",8.40963855421687,"2020","03","31"
"1033",11,"woody","4/5",9,"2020","03","31"
"1034",12,"non-woody","7/8",9,"2020","03","31"
"1035",13,"woody","1/8",9,"2020","03","31"
"1036",14,"woody","8/8",9,"2020","03","31"
"1037",1,"non-woody-winsen","4/8",9,"2020","05","05"
"1038",2,"non-woody","0",9,"2020","05","05"
"1039",3,"non-woody-winsen","5.8",9,"2020","05","05"
"1040",4,"waterbody","7/8",9,"2020","05","05"
"1041",5,"non-woody","5/8",9,"2020","05","05"
"1042",6,"non-woody","2/8",9,"2020","05","05"
"1043",7,"non-woody","3/8",9,"2020","05","05"
"1044",8,"non-woody","5/8",9,"2020","05","05"
"1045",9,"non-woody","3/8",9,"2020","05","05"
"1046",10,"waterbody","8/8",6.30120481927711,"2020","05","05"
"1047",11,"woody","4/5",9,"2020","05","05"
"1048",12,"non-woody","7/8",9,"2020","05","05"
"1049",13,"woody","1/8",9,"2020","05","05"
"1050",14,"woody","8/8",4.85882352941176,"2020","05","05"
"1051",1,"non-woody-winsen","4/8",9,"2020","05","30"
"1052",2,"non-woody","0",9,"2020","05","30"
"1053",3,"non-woody-winsen","5.8",9,"2020","05","30"
"1054",4,"waterbody","7/8",9,"2020","05","30"
"1055",5,"non-woody","5/8",9,"2020","05","30"
"1056",6,"non-woody","2/8",9,"2020","05","30"
"1057",7,"non-woody","3/8",9,"2020","05","30"
"1058",8,"non-woody","5/8",9,"2020","05","30"
"1059",9,"non-woody","3/8",9,"2020","05","30"
"1060",10,"waterbody","8/8",7.20481927710843,"2020","05","30"
"1061",11,"woody","4/5",9,"2020","05","30"
"1062",12,"non-woody","7/8",9,"2020","05","30"
"1063",13,"woody","1/8",9,"2020","05","30"
"1064",14,"woody","8/8",5.84705882352941,"2020","05","30"
"1065",1,"non-woody-winsen","4/8",0,"2020","05","05"
"1066",2,"non-woody","0",0,"2020","05","05"
"1067",3,"non-woody-winsen","5.8",0,"2020","05","05"
"1068",4,"waterbody","7/8",0,"2020","05","05"
"1069",5,"non-woody","5/8",0,"2020","05","05"
"1070",6,"non-woody","2/8",0,"2020","05","05"
"1071",7,"non-woody","3/8",0,"2020","05","05"
"1072",8,"non-woody","5/8",0,"2020","05","05"
"1073",9,"non-woody","3/8",0,"2020","05","05"
"1074",10,"waterbody","8/8",0,"2020","05","05"
"1075",11,"woody","4/5",0,"2020","05","05"
"1076",12,"non-woody","7/8",0,"2020","05","05"
"1077",13,"woody","1/8",0,"2020","05","05"
"1078",14,"woody","8/8",0,"2020","05","05"
"1079",1,"non-woody-winsen","4/8",0,"2020","05","30"
"1080",2,"non-woody","0",0,"2020","05","30"
"1081",3,"non-woody-winsen","5.8",0,"2020","05","30"
"1082",4,"waterbody","7/8",0,"2020","05","30"
"1083",5,"non-woody","5/8",0,"2020","05","30"
"1084",6,"non-woody","2/8",0,"2020","05","30"
"1085",7,"non-woody","3/8",0,"2020","05","30"
"1086",8,"non-woody","5/8",0,"2020","05","30"
"1087",9,"non-woody","3/8",0,"2020","05","30"
"1088",10,"waterbody","8/8",0,"2020","05","30"
"1089",11,"woody","4/5",0,"2020","05","30"
"1090",12,"non-woody","7/8",0,"2020","05","30"
"1091",13,"woody","1/8",0,"2020","05","30"
"1092",14,"woody","8/8",0,"2020","05","30"
"1093",1,"non-woody-winsen","4/8",8.325,"2020","10","02"
"1094",2,"non-woody","0",9,"2020","10","02"
"1095",3,"non-woody-winsen","5.8",1.40449438202247,"2020","10","02"
"1096",4,"waterbody","7/8",1,"2020","10","02"
"1097",5,"non-woody","5/8",9,"2020","10","02"
"1098",6,"non-woody","2/8",9,"2020","10","02"
"1099",7,"non-woody","3/8",9,"2020","10","02"
"1100",8,"non-woody","5/8",1.525,"2020","10","02"
"1101",9,"non-woody","3/8",8.55,"2020","10","02"
"1102",10,"waterbody","8/8",1,"2020","10","02"
"1103",11,"woody","4/5",9,"2020","10","02"
"1104",12,"non-woody","7/8",8.65,"2020","10","02"
"1105",13,"woody","1/8",9,"2020","10","02"
"1106",14,"woody","8/8",1.71764705882353,"2020","10","02"
"1107",1,"non-woody-winsen","4/8",1,"2020","11","01"
"1108",2,"non-woody","0",9,"2020","11","01"
"1109",3,"non-woody-winsen","5.8",1.07865168539326,"2020","11","01"
"1110",4,"waterbody","7/8",1,"2020","11","01"
"1111",5,"non-woody","5/8",1.10714285714286,"2020","11","01"
"1112",6,"non-woody","2/8",9,"2020","11","01"
"1113",7,"non-woody","3/8",4.5125,"2020","11","01"
"1114",8,"non-woody","5/8",1,"2020","11","01"
"1115",9,"non-woody","3/8",7.15,"2020","11","01"
"1116",10,"waterbody","8/8",1,"2020","11","01"
"1117",11,"woody","4/5",9,"2020","11","01"
"1118",12,"non-woody","7/8",1.3125,"2020","11","01"
"1119",13,"woody","1/8",8.92045454545454,"2020","11","01"
"1120",14,"woody","8/8",1.50588235294118,"2020","11","01"
"1121",1,"non-woody-winsen","4/8",2.35,"2020","12","26"
"1122",2,"non-woody","0",9,"2020","12","26"
"1123",3,"non-woody-winsen","5.8",2.1685393258427,"2020","12","26"
"1124",4,"waterbody","7/8",1,"2020","12","26"
"1125",5,"non-woody","5/8",1.53571428571429,"2020","12","26"
"1126",6,"non-woody","2/8",9,"2020","12","26"
"1127",7,"non-woody","3/8",3.3,"2020","12","26"
"1128",8,"non-woody","5/8",1.675,"2020","12","26"
"1129",9,"non-woody","3/8",2.1,"2020","12","26"
"1130",10,"waterbody","8/8",1,"2020","12","26"
"1131",11,"woody","4/5",2.5,"2020","12","26"
"1132",12,"non-woody","7/8",2.8875,"2020","12","26"
"1133",13,"woody","1/8",9,"2020","12","26"
"1134",14,"woody","8/8",1.77647058823529,"2020","12","26"
"1135",1,"non-woody-winsen","4/8",1.75,"2021","01","10"
"1136",2,"non-woody","0",9,"2021","01","10"
"1137",3,"non-woody-winsen","5.8",2.21348314606742,"2021","01","10"
"1138",4,"waterbody","7/8",1,"2021","01","10"
"1139",5,"non-woody","5/8",2.22619047619048,"2021","01","10"
"1140",6,"non-woody","2/8",9,"2021","01","10"
"1141",7,"non-woody","3/8",3,"2021","01","10"
"1142",8,"non-woody","5/8",2.3125,"2021","01","10"
"1143",9,"non-woody","3/8",2.2,"2021","01","10"
"1144",10,"waterbody","8/8",1,"2021","01","10"
"1145",11,"woody","4/5",1.45238095238095,"2021","01","10"
"1146",12,"non-woody","7/8",2.975,"2021","01","10"
"1147",13,"woody","1/8",8.93181818181818,"2021","01","10"
"1148",14,"woody","8/8",1.75294117647059,"2021","01","10"
"1149",1,"non-woody-winsen","4/8",2.5125,"2021","02","14"
"1150",2,"non-woody","0",9,"2021","02","14"
"1151",3,"non-woody-winsen","5.8",2.47191011235955,"2021","02","14"
"1152",4,"waterbody","7/8",1,"2021","02","14"
"1153",5,"non-woody","5/8",2.67857142857143,"2021","02","14"
"1154",6,"non-woody","2/8",9,"2021","02","14"
"1155",7,"non-woody","3/8",4.025,"2021","02","14"
"1156",8,"non-woody","5/8",3,"2021","02","14"
"1157",9,"non-woody","3/8",2.1,"2021","02","14"
"1158",10,"waterbody","8/8",1.65060240963855,"2021","02","14"
"1159",11,"woody","4/5",5.16666666666667,"2021","02","14"
"1160",12,"non-woody","7/8",3,"2021","02","14"
"1161",13,"woody","1/8",7.95454545454545,"2021","02","14"
"1162",14,"woody","8/8",1.82352941176471,"2021","02","14"
"1163",1,"non-woody-winsen","4/8",2.85,"2021","03","06"
"1164",2,"non-woody","0",9,"2021","03","06"
"1165",3,"non-woody-winsen","5.8",2.85393258426966,"2021","03","06"
"1166",4,"waterbody","7/8",8.925,"2021","03","06"
"1167",5,"non-woody","5/8",2.67857142857143,"2021","03","06"
"1168",6,"non-woody","2/8",9,"2021","03","06"
"1169",7,"non-woody","3/8",3.35,"2021","03","06"
"1170",8,"non-woody","5/8",3,"2021","03","06"
"1171",9,"non-woody","3/8",2.1375,"2021","03","06"
"1172",10,"waterbody","8/8",1.18072289156627,"2021","03","06"
"1173",11,"woody","4/5",4.64285714285714,"2021","03","06"
"1174",12,"non-woody","7/8",3,"2021","03","06"
"1175",13,"woody","1/8",7.53409090909091,"2021","03","06"
"1176",14,"woody","8/8",1.63529411764706,"2021","03","06"
"1177",1,"non-woody-winsen","4/8",3,"2021","04","05"
"1178",2,"non-woody","0",9,"2021","04","05"
"1179",3,"non-woody-winsen","5.8",3,"2021","04","05"
"1180",4,"waterbody","7/8",3,"2021","04","05"
"1181",5,"non-woody","5/8",3.6547619047619,"2021","04","05"
"1182",6,"non-woody","2/8",9,"2021","04","05"
"1183",7,"non-woody","3/8",8.4,"2021","04","05"
"1184",8,"non-woody","5/8",6.825,"2021","04","05"
"1185",9,"non-woody","3/8",3,"2021","04","05"
"1186",10,"waterbody","8/8",1.81927710843373,"2021","04","05"
"1187",11,"woody","4/5",5.35714285714286,"2021","04","05"
"1188",12,"non-woody","7/8",8.325,"2021","04","05"
"1189",13,"woody","1/8",8.38636363636364,"2021","04","05"
"1190",14,"woody","8/8",2.65882352941176,"2021","04","05"
"1191",1,"non-woody-winsen","4/8",3.45,"2021","04","30"
"1192",2,"non-woody","0",9,"2021","04","30"
"1193",3,"non-woody-winsen","5.8",3,"2021","04","30"
"1194",4,"waterbody","7/8",3,"2021","04","30"
"1195",5,"non-woody","5/8",8.08333333333333,"2021","04","30"
"1196",6,"non-woody","2/8",9,"2021","04","30"
"1197",7,"non-woody","3/8",9,"2021","04","30"
"1198",8,"non-woody","5/8",9,"2021","04","30"
"1199",9,"non-woody","3/8",8.925,"2021","04","30"
"1200",10,"waterbody","8/8",2.8433734939759,"2021","04","30"
"1201",11,"woody","4/5",8.85714285714286,"2021","04","30"
"1202",12,"non-woody","7/8",9,"2021","04","30"
"1203",13,"woody","1/8",8.57954545454546,"2021","04","30"
"1204",14,"woody","8/8",2.61176470588235,"2021","04","30"
"1205",1,"non-woody-winsen","4/8",9,"2021","05","30"
"1206",2,"non-woody","0",9,"2021","05","30"
"1207",3,"non-woody-winsen","5.8",9,"2021","05","30"
"1208",4,"waterbody","7/8",1,"2021","05","30"
"1209",5,"non-woody","5/8",8.5,"2021","05","30"
"1210",6,"non-woody","2/8",9,"2021","05","30"
"1211",7,"non-woody","3/8",9,"2021","05","30"
"1212",8,"non-woody","5/8",9,"2021","05","30"
"1213",9,"non-woody","3/8",9,"2021","05","30"
"1214",10,"waterbody","8/8",1.04819277108434,"2021","05","30"
"1215",11,"woody","4/5",6.10714285714286,"2021","05","30"
"1216",12,"non-woody","7/8",8.825,"2021","05","30"
"1217",13,"woody","1/8",7.125,"2021","05","30"
"1218",14,"woody","8/8",2.78823529411765,"2021","05","30"
"1219",1,"non-woody-winsen","4/8",9,"2021","06","19"
"1220",2,"non-woody","0",9,"2021","06","19"
"1221",3,"non-woody-winsen","5.8",7.1685393258427,"2021","06","19"
"1222",4,"waterbody","7/8",1,"2021","06","19"
"1223",5,"non-woody","5/8",8.71428571428571,"2021","06","19"
"1224",6,"non-woody","2/8",9,"2021","06","19"
"1225",7,"non-woody","3/8",9,"2021","06","19"
"1226",8,"non-woody","5/8",9,"2021","06","19"
"1227",9,"non-woody","3/8",9,"2021","06","19"
"1228",10,"waterbody","8/8",1.39759036144578,"2021","06","19"
"1229",11,"woody","4/5",2.77380952380952,"2021","06","19"
"1230",12,"non-woody","7/8",6.0125,"2021","06","19"
"1231",13,"woody","1/8",5.82954545454545,"2021","06","19"
"1232",14,"woody","8/8",2.95294117647059,"2021","06","19"
"1233",1,"non-woody-winsen","4/8",9,"2021","06","29"
"1234",2,"non-woody","0",9,"2021","06","29"
"1235",3,"non-woody-winsen","5.8",7.66292134831461,"2021","06","29"
"1236",4,"waterbody","7/8",1,"2021","06","29"
"1237",5,"non-woody","5/8",9,"2021","06","29"
"1238",6,"non-woody","2/8",9,"2021","06","29"
"1239",7,"non-woody","3/8",9,"2021","06","29"
"1240",8,"non-woody","5/8",9,"2021","06","29"
"1241",9,"non-woody","3/8",9,"2021","06","29"
"1242",10,"waterbody","8/8",2.49397590361446,"2021","06","29"
"1243",11,"woody","4/5",4.42857142857143,"2021","06","29"
"1244",12,"non-woody","7/8",9,"2021","06","29"
"1245",13,"woody","1/8",7.79545454545455,"2021","06","29"
"1246",14,"woody","8/8",3.32941176470588,"2021","06","29"
"1247",1,"non-woody-winsen","4/8",0,"2020","10","02"
"1248",2,"non-woody","0",0,"2020","10","02"
"1249",3,"non-woody-winsen","5.8",0,"2020","10","02"
"1250",4,"waterbody","7/8",0,"2020","10","02"
"1251",5,"non-woody","5/8",0,"2020","10","02"
"1252",6,"non-woody","2/8",0,"2020","10","02"
"1253",7,"non-woody","3/8",0,"2020","10","02"
"1254",8,"non-woody","5/8",0,"2020","10","02"
"1255",9,"non-woody","3/8",0,"2020","10","02"
"1256",10,"waterbody","8/8",0,"2020","10","02"
"1257",11,"woody","4/5",0,"2020","10","02"
"1258",12,"non-woody","7/8",0,"2020","10","02"
"1259",13,"woody","1/8",0,"2020","10","02"
"1260",14,"woody","8/8",0,"2020","10","02"
"1261",1,"non-woody-winsen","4/8",0,"2020","11","01"
"1262",2,"non-woody","0",0,"2020","11","01"
"1263",3,"non-woody-winsen","5.8",0,"2020","11","01"
"1264",4,"waterbody","7/8",0,"2020","11","01"
"1265",5,"non-woody","5/8",0,"2020","11","01"
"1266",6,"non-woody","2/8",0,"2020","11","01"
"1267",7,"non-woody","3/8",0,"2020","11","01"
"1268",8,"non-woody","5/8",0,"2020","11","01"
"1269",9,"non-woody","3/8",0,"2020","11","01"
"1270",10,"waterbody","8/8",0,"2020","11","01"
"1271",11,"woody","4/5",0,"2020","11","01"
"1272",12,"non-woody","7/8",0,"2020","11","01"
"1273",13,"woody","1/8",0,"2020","11","01"
"1274",14,"woody","8/8",0,"2020","11","01"
"1275",1,"non-woody-winsen","4/8",0,"2020","12","26"
"1276",2,"non-woody","0",0,"2020","12","26"
"1277",3,"non-woody-winsen","5.8",0,"2020","12","26"
"1278",4,"waterbody","7/8",0,"2020","12","26"
"1279",5,"non-woody","5/8",0,"2020","12","26"
"1280",6,"non-woody","2/8",0,"2020","12","26"
"1281",7,"non-woody","3/8",0,"2020","12","26"
"1282",8,"non-woody","5/8",0,"2020","12","26"
"1283",9,"non-woody","3/8",0,"2020","12","26"
"1284",10,"waterbody","8/8",0,"2020","12","26"
"1285",11,"woody","4/5",0,"2020","12","26"
"1286",12,"non-woody","7/8",0,"2020","12","26"
"1287",13,"woody","1/8",0,"2020","12","26"
"1288",14,"woody","8/8",0,"2020","12","26"
"1289",1,"non-woody-winsen","4/8",0,"2021","01","10"
"1290",2,"non-woody","0",0,"2021","01","10"
"1291",3,"non-woody-winsen","5.8",0,"2021","01","10"
"1292",4,"waterbody","7/8",0,"2021","01","10"
"1293",5,"non-woody","5/8",0,"2021","01","10"
"1294",6,"non-woody","2/8",0,"2021","01","10"
"1295",7,"non-woody","3/8",0,"2021","01","10"
"1296",8,"non-woody","5/8",0,"2021","01","10"
"1297",9,"non-woody","3/8",0,"2021","01","10"
"1298",10,"waterbody","8/8",0,"2021","01","10"
"1299",11,"woody","4/5",0,"2021","01","10"
"1300",12,"non-woody","7/8",0,"2021","01","10"
"1301",13,"woody","1/8",0,"2021","01","10"
"1302",14,"woody","8/8",0,"2021","01","10"
"1303",1,"non-woody-winsen","4/8",0,"2021","02","14"
"1304",2,"non-woody","0",0,"2021","02","14"
"1305",3,"non-woody-winsen","5.8",0,"2021","02","14"
"1306",4,"waterbody","7/8",0,"2021","02","14"
"1307",5,"non-woody","5/8",0,"2021","02","14"
"1308",6,"non-woody","2/8",0,"2021","02","14"
"1309",7,"non-woody","3/8",0,"2021","02","14"
"1310",8,"non-woody","5/8",0,"2021","02","14"
"1311",9,"non-woody","3/8",0,"2021","02","14"
"1312",10,"waterbody","8/8",0,"2021","02","14"
"1313",11,"woody","4/5",0,"2021","02","14"
"1314",12,"non-woody","7/8",0,"2021","02","14"
"1315",13,"woody","1/8",0,"2021","02","14"
"1316",14,"woody","8/8",0,"2021","02","14"
"1317",1,"non-woody-winsen","4/8",0,"2021","03","06"
"1318",2,"non-woody","0",0,"2021","03","06"
"1319",3,"non-woody-winsen","5.8",0,"2021","03","06"
"1320",4,"waterbody","7/8",0,"2021","03","06"
"1321",5,"non-woody","5/8",0,"2021","03","06"
"1322",6,"non-woody","2/8",0,"2021","03","06"
"1323",7,"non-woody","3/8",0,"2021","03","06"
"1324",8,"non-woody","5/8",0,"2021","03","06"
"1325",9,"non-woody","3/8",0,"2021","03","06"
"1326",10,"waterbody","8/8",0,"2021","03","06"
"1327",11,"woody","4/5",0,"2021","03","06"
"1328",12,"non-woody","7/8",0,"2021","03","06"
"1329",13,"woody","1/8",0,"2021","03","06"
"1330",14,"woody","8/8",0,"2021","03","06"
"1331",1,"non-woody-winsen","4/8",9,"2021","04","05"
"1332",2,"non-woody","0",9,"2021","04","05"
"1333",3,"non-woody-winsen","5.8",9,"2021","04","05"
"1334",4,"waterbody","7/8",9,"2021","04","05"
"1335",5,"non-woody","5/8",9,"2021","04","05"
"1336",6,"non-woody","2/8",9,"2021","04","05"
"1337",7,"non-woody","3/8",9,"2021","04","05"
"1338",8,"non-woody","5/8",9,"2021","04","05"
"1339",9,"non-woody","3/8",9,"2021","04","05"
"1340",10,"waterbody","8/8",9,"2021","04","05"
"1341",11,"woody","4/5",9,"2021","04","05"
"1342",12,"non-woody","7/8",9,"2021","04","05"
"1343",13,"woody","1/8",9,"2021","04","05"
"1344",14,"woody","8/8",9,"2021","04","05"
"1345",1,"non-woody-winsen","4/8",0,"2021","04","30"
"1346",2,"non-woody","0",0,"2021","04","30"
"1347",3,"non-woody-winsen","5.8",0,"2021","04","30"
"1348",4,"waterbody","7/8",0,"2021","04","30"
"1349",5,"non-woody","5/8",0,"2021","04","30"
"1350",6,"non-woody","2/8",0,"2021","04","30"
"1351",7,"non-woody","3/8",0,"2021","04","30"
"1352",8,"non-woody","5/8",0,"2021","04","30"
"1353",9,"non-woody","3/8",0,"2021","04","30"
"1354",10,"waterbody","8/8",0,"2021","04","30"
"1355",11,"woody","4/5",0,"2021","04","30"
"1356",12,"non-woody","7/8",0,"2021","04","30"
"1357",13,"woody","1/8",0,"2021","04","30"
"1358",14,"woody","8/8",0,"2021","04","30"
"1359",1,"non-woody-winsen","4/8",0,"2021","05","30"
"1360",2,"non-woody","0",0,"2021","05","30"
"1361",3,"non-woody-winsen","5.8",0,"2021","05","30"
"1362",4,"waterbody","7/8",0,"2021","05","30"
"1363",5,"non-woody","5/8",0,"2021","05","30"
"1364",6,"non-woody","2/8",0,"2021","05","30"
"1365",7,"non-woody","3/8",0,"2021","05","30"
"1366",8,"non-woody","5/8",0,"2021","05","30"
"1367",9,"non-woody","3/8",0,"2021","05","30"
"1368",10,"waterbody","8/8",0,"2021","05","30"
"1369",11,"woody","4/5",0,"2021","05","30"
"1370",12,"non-woody","7/8",0,"2021","05","30"
"1371",13,"woody","1/8",0,"2021","05","30"
"1372",14,"woody","8/8",0,"2021","05","30"
"1373",1,"non-woody-winsen","4/8",0,"2021","06","19"
"1374",2,"non-woody","0",0,"2021","06","19"
"1375",3,"non-woody-winsen","5.8",0,"2021","06","19"
"1376",4,"waterbody","7/8",0,"2021","06","19"
"1377",5,"non-woody","5/8",0,"2021","06","19"
"1378",6,"non-woody","2/8",0,"2021","06","19"
"1379",7,"non-woody","3/8",0,"2021","06","19"
"1380",8,"non-woody","5/8",0,"2021","06","19"
"1381",9,"non-woody","3/8",0,"2021","06","19"
"1382",10,"waterbody","8/8",0,"2021","06","19"
"1383",11,"woody","4/5",0,"2021","06","19"
"1384",12,"non-woody","7/8",0,"2021","06","19"
"1385",13,"woody","1/8",0,"2021","06","19"
"1386",14,"woody","8/8",0,"2021","06","19"
"1387",1,"non-woody-winsen","4/8",0,"2021","06","29"
"1388",2,"non-woody","0",0,"2021","06","29"
"1389",3,"non-woody-winsen","5.8",0,"2021","06","29"
"1390",4,"waterbody","7/8",0,"2021","06","29"
"1391",5,"non-woody","5/8",0,"2021","06","29"
"1392",6,"non-woody","2/8",0,"2021","06","29"
"1393",7,"non-woody","3/8",0,"2021","06","29"
"1394",8,"non-woody","5/8",0,"2021","06","29"
"1395",9,"non-woody","3/8",0,"2021","06","29"
"1396",10,"waterbody","8/8",0,"2021","06","29"
"1397",11,"woody","4/5",0,"2021","06","29"
"1398",12,"non-woody","7/8",0,"2021","06","29"
"1399",13,"woody","1/8",0,"2021","06","29"
"1400",14,"woody","8/8",0,"2021","06","29"
"1401",1,"non-woody-winsen","4/8",8.475,"2020","10","02"
"1402",2,"non-woody","0",9,"2020","10","02"
"1403",3,"non-woody-winsen","5.8",1.48314606741573,"2020","10","02"
"1404",4,"waterbody","7/8",1,"2020","10","02"
"1405",5,"non-woody","5/8",9,"2020","10","02"
"1406",6,"non-woody","2/8",9,"2020","10","02"
"1407",7,"non-woody","3/8",9,"2020","10","02"
"1408",8,"non-woody","5/8",1.5,"2020","10","02"
"1409",9,"non-woody","3/8",8.625,"2020","10","02"
"1410",10,"waterbody","8/8",1,"2020","10","02"
"1411",11,"woody","4/5",9,"2020","10","02"
"1412",12,"non-woody","7/8",8.65,"2020","10","02"
"1413",13,"woody","1/8",9,"2020","10","02"
"1414",14,"woody","8/8",1.58823529411765,"2020","10","02"
"1415",1,"non-woody-winsen","4/8",1,"2020","11","01"
"1416",2,"non-woody","0",9,"2020","11","01"
"1417",3,"non-woody-winsen","5.8",1.0561797752809,"2020","11","01"
"1418",4,"waterbody","7/8",1,"2020","11","01"
"1419",5,"non-woody","5/8",1.08333333333333,"2020","11","01"
"1420",6,"non-woody","2/8",9,"2020","11","01"
"1421",7,"non-woody","3/8",4.925,"2020","11","01"
"1422",8,"non-woody","5/8",1,"2020","11","01"
"1423",9,"non-woody","3/8",7.0375,"2020","11","01"
"1424",10,"waterbody","8/8",1,"2020","11","01"
"1425",11,"woody","4/5",9,"2020","11","01"
"1426",12,"non-woody","7/8",1.3125,"2020","11","01"
"1427",13,"woody","1/8",9,"2020","11","01"
"1428",14,"woody","8/8",1.43529411764706,"2020","11","01"
"1429",1,"non-woody-winsen","4/8",2.475,"2020","12","26"
"1430",2,"non-woody","0",9,"2020","12","26"
"1431",3,"non-woody-winsen","5.8",2.26966292134831,"2020","12","26"
"1432",4,"waterbody","7/8",1,"2020","12","26"
"1433",5,"non-woody","5/8",1.67857142857143,"2020","12","26"
"1434",6,"non-woody","2/8",9,"2020","12","26"
"1435",7,"non-woody","3/8",3.15,"2020","12","26"
"1436",8,"non-woody","5/8",1.675,"2020","12","26"
"1437",9,"non-woody","3/8",3.5875,"2020","12","26"
"1438",10,"waterbody","8/8",1,"2020","12","26"
"1439",11,"woody","4/5",3.71428571428571,"2020","12","26"
"1440",12,"non-woody","7/8",3,"2020","12","26"
"1441",13,"woody","1/8",9,"2020","12","26"
"1442",14,"woody","8/8",1.84705882352941,"2020","12","26"
"1443",1,"non-woody-winsen","4/8",1.975,"2021","01","10"
"1444",2,"non-woody","0",9,"2021","01","10"
"1445",3,"non-woody-winsen","5.8",2.31460674157303,"2021","01","10"
"1446",4,"waterbody","7/8",1,"2021","01","10"
"1447",5,"non-woody","5/8",2.39285714285714,"2021","01","10"
"1448",6,"non-woody","2/8",9,"2021","01","10"
"1449",7,"non-woody","3/8",3,"2021","01","10"
"1450",8,"non-woody","5/8",2.7,"2021","01","10"
"1451",9,"non-woody","3/8",3,"2021","01","10"
"1452",10,"waterbody","8/8",1,"2021","01","10"
"1453",11,"woody","4/5",1.44047619047619,"2021","01","10"
"1454",12,"non-woody","7/8",3,"2021","01","10"
"1455",13,"woody","1/8",8.93181818181818,"2021","01","10"
"1456",14,"woody","8/8",1.84705882352941,"2021","01","10"
"1457",1,"non-woody-winsen","4/8",9,"2021","06","29"
"1458",2,"non-woody","0",9,"2021","06","29"
"1459",3,"non-woody-winsen","5.8",7.31460674157303,"2021","06","29"
"1460",4,"waterbody","7/8",1,"2021","06","29"
"1461",5,"non-woody","5/8",9,"2021","06","29"
"1462",6,"non-woody","2/8",9,"2021","06","29"
"1463",7,"non-woody","3/8",9,"2021","06","29"
"1464",8,"non-woody","5/8",9,"2021","06","29"
"1465",9,"non-woody","3/8",9,"2021","06","29"
"1466",10,"waterbody","8/8",2.32530120481928,"2021","06","29"
"1467",11,"woody","4/5",5.10714285714286,"2021","06","29"
"1468",12,"non-woody","7/8",9,"2021","06","29"
"1469",13,"woody","1/8",8.76136363636364,"2021","06","29"
"1470",14,"woody","8/8",7.91764705882353,"2021","06","29"
"1471",1,"non-woody-winsen","4/8",9,"2021","07","29"
"1472",2,"non-woody","0",9,"2021","07","29"
"1473",3,"non-woody-winsen","5.8",7.65168539325843,"2021","07","29"
"1474",4,"waterbody","7/8",1,"2021","07","29"
"1475",5,"non-woody","5/8",9,"2021","07","29"
"1476",6,"non-woody","2/8",9,"2021","07","29"
"1477",7,"non-woody","3/8",9,"2021","07","29"
"1478",8,"non-woody","5/8",9,"2021","07","29"
"1479",9,"non-woody","3/8",9,"2021","07","29"
"1480",10,"waterbody","8/8",3.69879518072289,"2021","07","29"
"1481",11,"woody","4/5",8.90476190476191,"2021","07","29"
"1482",12,"non-woody","7/8",9,"2021","07","29"
"1483",13,"woody","1/8",9,"2021","07","29"
"1484",14,"woody","8/8",9,"2021","07","29"
"1485",1,"non-woody-winsen","4/8",9,"2021","08","18"
"1486",2,"non-woody","0",9,"2021","08","18"
"1487",3,"non-woody-winsen","5.8",7.40449438202247,"2021","08","18"
"1488",4,"waterbody","7/8",1,"2021","08","18"
"1489",5,"non-woody","5/8",9,"2021","08","18"
"1490",6,"non-woody","2/8",9,"2021","08","18"
"1491",7,"non-woody","3/8",9,"2021","08","18"
"1492",8,"non-woody","5/8",9,"2021","08","18"
"1493",9,"non-woody","3/8",9,"2021","08","18"
"1494",10,"waterbody","8/8",3.26506024096386,"2021","08","18"
"1495",11,"woody","4/5",9,"2021","08","18"
"1496",12,"non-woody","7/8",9,"2021","08","18"
"1497",13,"woody","1/8",8.72727272727273,"2021","08","18"
"1498",14,"woody","8/8",8.75294117647059,"2021","08","18"
"1499",1,"non-woody-winsen","4/8",9,"2021","09","02"
"1500",2,"non-woody","0",9,"2021","09","02"
"1501",3,"non-woody-winsen","5.8",3,"2021","09","02"
"1502",4,"waterbody","7/8",1,"2021","09","02"
"1503",5,"non-woody","5/8",9,"2021","09","02"
"1504",6,"non-woody","2/8",9,"2021","09","02"
"1505",7,"non-woody","3/8",9,"2021","09","02"
"1506",8,"non-woody","5/8",6,"2021","09","02"
"1507",9,"non-woody","3/8",9,"2021","09","02"
"1508",10,"waterbody","8/8",1,"2021","09","02"
"1509",11,"woody","4/5",2.23809523809524,"2021","09","02"
"1510",12,"non-woody","7/8",2.05,"2021","09","02"
"1511",13,"woody","1/8",9,"2021","09","02"
"1512",14,"woody","8/8",8.15294117647059,"2021","09","02"
"1513",1,"non-woody-winsen","4/8",2.55,"2021","12","16"
"1514",2,"non-woody","0",9,"2021","12","16"
"1515",3,"non-woody-winsen","5.8",2.53932584269663,"2021","12","16"
"1516",4,"waterbody","7/8",1,"2021","12","16"
"1517",5,"non-woody","5/8",2.95238095238095,"2021","12","16"
"1518",6,"non-woody","2/8",1.05,"2021","12","16"
"1519",7,"non-woody","3/8",1.2125,"2021","12","16"
"1520",8,"non-woody","5/8",3,"2021","12","16"
"1521",9,"non-woody","3/8",2.2875,"2021","12","16"
"1522",10,"waterbody","8/8",1.08433734939759,"2021","12","16"
"1523",11,"woody","4/5",2.03571428571429,"2021","12","16"
"1524",12,"non-woody","7/8",2.875,"2021","12","16"
"1525",13,"woody","1/8",4.22727272727273,"2021","12","16"
"1526",14,"woody","8/8",1.05882352941176,"2021","12","16"
"1527",1,"non-woody-winsen","4/8",2.65,"2021","12","26"
"1528",2,"non-woody","0",9,"2021","12","26"
"1529",3,"non-woody-winsen","5.8",2.55056179775281,"2021","12","26"
"1530",4,"waterbody","7/8",1,"2021","12","26"
"1531",5,"non-woody","5/8",3.10714285714286,"2021","12","26"
"1532",6,"non-woody","2/8",1.825,"2021","12","26"
"1533",7,"non-woody","3/8",2.0875,"2021","12","26"
"1534",8,"non-woody","5/8",3,"2021","12","26"
"1535",9,"non-woody","3/8",2.5125,"2021","12","26"
"1536",10,"waterbody","8/8",1.14457831325301,"2021","12","26"
"1537",11,"woody","4/5",2.48809523809524,"2021","12","26"
"1538",12,"non-woody","7/8",3,"2021","12","26"
"1539",13,"woody","1/8",4.10227272727273,"2021","12","26"
"1540",14,"woody","8/8",1.24705882352941,"2021","12","26"
"1541",1,"non-woody-winsen","4/8",2.675,"2022","01","15"
"1542",2,"non-woody","0",9,"2022","01","15"
"1543",3,"non-woody-winsen","5.8",2.56179775280899,"2022","01","15"
"1544",4,"waterbody","7/8",1,"2022","01","15"
"1545",5,"non-woody","5/8",3.33333333333333,"2022","01","15"
"1546",6,"non-woody","2/8",4.275,"2022","01","15"
"1547",7,"non-woody","3/8",2.1375,"2022","01","15"
"1548",8,"non-woody","5/8",4.65,"2022","01","15"
"1549",9,"non-woody","3/8",2.9375,"2022","01","15"
"1550",10,"waterbody","8/8",1.1566265060241,"2022","01","15"
"1551",11,"woody","4/5",2.96428571428571,"2022","01","15"
"1552",12,"non-woody","7/8",3.075,"2022","01","15"
"1553",13,"woody","1/8",3.79545454545455,"2022","01","15"
"1554",14,"woody","8/8",1.35294117647059,"2022","01","15"
"1555",1,"non-woody-winsen","4/8",2.7375,"2022","02","04"
"1556",2,"non-woody","0",9,"2022","02","04"
"1557",3,"non-woody-winsen","5.8",2.62921348314607,"2022","02","04"
"1558",4,"waterbody","7/8",1,"2022","02","04"
"1559",5,"non-woody","5/8",3.21428571428571,"2022","02","04"
"1560",6,"non-woody","2/8",3.1875,"2022","02","04"
"1561",7,"non-woody","3/8",2.9625,"2022","02","04"
"1562",8,"non-woody","5/8",3.975,"2022","02","04"
"1563",9,"non-woody","3/8",3.025,"2022","02","04"
"1564",10,"waterbody","8/8",1.21686746987952,"2022","02","04"
"1565",11,"woody","4/5",3,"2022","02","04"
"1566",12,"non-woody","7/8",3,"2022","02","04"
"1567",13,"woody","1/8",3.54545454545455,"2022","02","04"
"1568",14,"woody","8/8",1.65882352941176,"2022","02","04"
"1569",1,"non-woody-winsen","4/8",2.75,"2022","02","19"
"1570",2,"non-woody","0",9,"2022","02","19"
"1571",3,"non-woody-winsen","5.8",2.62921348314607,"2022","02","19"
"1572",4,"waterbody","7/8",1,"2022","02","19"
"1573",5,"non-woody","5/8",3.23809523809524,"2022","02","19"
"1574",6,"non-woody","2/8",4.95,"2022","02","19"
"1575",7,"non-woody","3/8",3.225,"2022","02","19"
"1576",8,"non-woody","5/8",4.8,"2022","02","19"
"1577",9,"non-woody","3/8",3.975,"2022","02","19"
"1578",10,"waterbody","8/8",1.25301204819277,"2022","02","19"
"1579",11,"woody","4/5",3,"2022","02","19"
"1580",12,"non-woody","7/8",3.525,"2022","02","19"
"1581",13,"woody","1/8",3.75,"2022","02","19"
"1582",14,"woody","8/8",1.54117647058824,"2022","02","19"
"1583",1,"non-woody-winsen","4/8",2.7875,"2022","03","11"
"1584",2,"non-woody","0",9,"2022","03","11"
"1585",3,"non-woody-winsen","5.8",2.65168539325843,"2022","03","11"
"1586",4,"waterbody","7/8",1,"2022","03","11"
"1587",5,"non-woody","5/8",2.97619047619048,"2022","03","11"
"1588",6,"non-woody","2/8",2.7625,"2022","03","11"
"1589",7,"non-woody","3/8",3,"2022","03","11"
"1590",8,"non-woody","5/8",3.15,"2022","03","11"
"1591",9,"non-woody","3/8",3.075,"2022","03","11"
"1592",10,"waterbody","8/8",1.27710843373494,"2022","03","11"
"1593",11,"woody","4/5",3,"2022","03","11"
"1594",12,"non-woody","7/8",3,"2022","03","11"
"1595",13,"woody","1/8",3.06818181818182,"2022","03","11"
"1596",14,"woody","8/8",1.63529411764706,"2022","03","11"
"1597",1,"non-woody-winsen","4/8",2.925,"2022","03","21"
"1598",2,"non-woody","0",9,"2022","03","21"
"1599",3,"non-woody-winsen","5.8",2.67415730337079,"2022","03","21"
"1600",4,"waterbody","7/8",1,"2022","03","21"
"1601",5,"non-woody","5/8",2.92857142857143,"2022","03","21"
"1602",6,"non-woody","2/8",2.5375,"2022","03","21"
"1603",7,"non-woody","3/8",3,"2022","03","21"
"1604",8,"non-woody","5/8",3.225,"2022","03","21"
"1605",9,"non-woody","3/8",3,"2022","03","21"
"1606",10,"waterbody","8/8",1.3855421686747,"2022","03","21"
"1607",11,"woody","4/5",3,"2022","03","21"
"1608",12,"non-woody","7/8",3,"2022","03","21"
"1609",13,"woody","1/8",3.13636363636364,"2022","03","21"
"1610",14,"woody","8/8",1.63529411764706,"2022","03","21"
"1611",1,"non-woody-winsen","4/8",2.9625,"2022","03","26"
"1612",2,"non-woody","0",9,"2022","03","26"
"1613",3,"non-woody-winsen","5.8",2.70786516853933,"2022","03","26"
"1614",4,"waterbody","7/8",1,"2022","03","26"
"1615",5,"non-woody","5/8",2.95238095238095,"2022","03","26"
"1616",6,"non-woody","2/8",2.7875,"2022","03","26"
"1617",7,"non-woody","3/8",3,"2022","03","26"
"1618",8,"non-woody","5/8",3.15,"2022","03","26"
"1619",9,"non-woody","3/8",3,"2022","03","26"
"1620",10,"waterbody","8/8",1.32530120481928,"2022","03","26"
"1621",11,"woody","4/5",3,"2022","03","26"
"1622",12,"non-woody","7/8",3,"2022","03","26"
"1623",13,"woody","1/8",3.06818181818182,"2022","03","26"
"1624",14,"woody","8/8",1.55294117647059,"2022","03","26"
"1625",1,"non-woody-winsen","4/8",2.9875,"2022","04","05"
"1626",2,"non-woody","0",9,"2022","04","05"
"1627",3,"non-woody-winsen","5.8",2.73033707865169,"2022","04","05"
"1628",4,"waterbody","7/8",1,"2022","04","05"
"1629",5,"non-woody","5/8",2.8452380952381,"2022","04","05"
"1630",6,"non-woody","2/8",2.5875,"2022","04","05"
"1631",7,"non-woody","3/8",3,"2022","04","05"
"1632",8,"non-woody","5/8",3.1375,"2022","04","05"
"1633",9,"non-woody","3/8",3,"2022","04","05"
"1634",10,"waterbody","8/8",1.2289156626506,"2022","04","05"
"1635",11,"woody","4/5",2.96428571428571,"2022","04","05"
"1636",12,"non-woody","7/8",3,"2022","04","05"
"1637",13,"woody","1/8",3.32954545454545,"2022","04","05"
"1638",14,"woody","8/8",1.58823529411765,"2022","04","05"
"1639",1,"non-woody-winsen","4/8",3,"2022","04","10"
"1640",2,"non-woody","0",9,"2022","04","10"
"1641",3,"non-woody-winsen","5.8",2.7752808988764,"2022","04","10"
"1642",4,"waterbody","7/8",1,"2022","04","10"
"1643",5,"non-woody","5/8",3,"2022","04","10"
"1644",6,"non-woody","2/8",2.9875,"2022","04","10"
"1645",7,"non-woody","3/8",3,"2022","04","10"
"1646",8,"non-woody","5/8",3.15,"2022","04","10"
"1647",9,"non-woody","3/8",3,"2022","04","10"
"1648",10,"waterbody","8/8",1.30120481927711,"2022","04","10"
"1649",11,"woody","4/5",3,"2022","04","10"
"1650",12,"non-woody","7/8",3,"2022","04","10"
"1651",13,"woody","1/8",3.40909090909091,"2022","04","10"
"1652",14,"woody","8/8",1.84705882352941,"2022","04","10"
"1653",1,"non-woody-winsen","4/8",3,"2022","04","20"
"1654",2,"non-woody","0",8.9125,"2022","04","20"
"1655",3,"non-woody-winsen","5.8",2.73033707865169,"2022","04","20"
"1656",4,"waterbody","7/8",1,"2022","04","20"
"1657",5,"non-woody","5/8",3.42857142857143,"2022","04","20"
"1658",6,"non-woody","2/8",3.05,"2022","04","20"
"1659",7,"non-woody","3/8",3,"2022","04","20"
"1660",8,"non-woody","5/8",3.825,"2022","04","20"
"1661",9,"non-woody","3/8",3,"2022","04","20"
"1662",10,"waterbody","8/8",1.33734939759036,"2022","04","20"
"1663",11,"woody","4/5",3,"2022","04","20"
"1664",12,"non-woody","7/8",6.3,"2022","04","20"
"1665",13,"woody","1/8",3.93181818181818,"2022","04","20"
"1666",14,"woody","8/8",1.88235294117647,"2022","04","20"
"1667",1,"non-woody-winsen","4/8",3,"2022","07","14"
"1668",2,"non-woody","0",5.9625,"2022","07","14"
"1669",3,"non-woody-winsen","5.8",3,"2022","07","14"
"1670",4,"waterbody","7/8",1,"2022","07","14"
"1671",5,"non-woody","5/8",8.5,"2022","07","14"
"1672",6,"non-woody","2/8",4.77777777777778,"2022","07","14"
"1673",7,"non-woody","3/8",7.30588235294118,"2022","07","14"
"1674",8,"non-woody","5/8",7.575,"2022","07","14"
"1675",9,"non-woody","3/8",3,"2022","07","14"
"1676",10,"waterbody","8/8",1.47058823529412,"2022","07","14"
"1677",11,"woody","4/5",3.725,"2022","07","14"
"1678",12,"non-woody","7/8",6.7125,"2022","07","14"
"1679",13,"woody","1/8",3.69767441860465,"2022","07","14"
"1680",14,"woody","8/8",1.5375,"2022","07","14"
"1681",1,"non-woody-winsen","4/8",3,"2022","07","19"
"1682",2,"non-woody","0",6.6,"2022","07","19"
"1683",3,"non-woody-winsen","5.8",3,"2022","07","19"
"1684",4,"waterbody","7/8",1,"2022","07","19"
"1685",5,"non-woody","5/8",8.26829268292683,"2022","07","19"
"1686",6,"non-woody","2/8",6.03703703703704,"2022","07","19"
"1687",7,"non-woody","3/8",8.08235294117647,"2022","07","19"
"1688",8,"non-woody","5/8",7.8,"2022","07","19"
"1689",9,"non-woody","3/8",3,"2022","07","19"
"1690",10,"waterbody","8/8",1.49411764705882,"2022","07","19"
"1691",11,"woody","4/5",3.7125,"2022","07","19"
"1692",12,"non-woody","7/8",6.4625,"2022","07","19"
"1693",13,"woody","1/8",3.69767441860465,"2022","07","19"
"1694",14,"woody","8/8",1.2875,"2022","07","19"
"1695",1,"non-woody-winsen","4/8",3,"2022","07","29"
"1696",2,"non-woody","0",8.775,"2022","07","29"
"1697",3,"non-woody-winsen","5.8",3,"2022","07","29"
"1698",4,"waterbody","7/8",1,"2022","07","29"
"1699",5,"non-woody","5/8",7.35365853658537,"2022","07","29"
"1700",6,"non-woody","2/8",5,"2022","07","29"
"1701",7,"non-woody","3/8",8.57647058823529,"2022","07","29"
"1702",8,"non-woody","5/8",7.875,"2022","07","29"
"1703",9,"non-woody","3/8",3,"2022","07","29"
"1704",10,"waterbody","8/8",1.56470588235294,"2022","07","29"
"1705",11,"woody","4/5",3.475,"2022","07","29"
"1706",12,"non-woody","7/8",6.2375,"2022","07","29"
"1707",13,"woody","1/8",3.16279069767442,"2022","07","29"
"1708",14,"woody","8/8",1.0875,"2022","07","29"
"1709",1,"non-woody-winsen","4/8",3.07407407407407,"2022","10","17"
"1710",2,"non-woody","0",1,"2022","10","17"
"1711",3,"non-woody-winsen","5.8",3,"2022","10","17"
"1712",4,"waterbody","7/8",1,"2022","10","17"
"1713",5,"non-woody","5/8",2.85365853658537,"2022","10","17"
"1714",6,"non-woody","2/8",3,"2022","10","17"
"1715",7,"non-woody","3/8",2.91764705882353,"2022","10","17"
"1716",8,"non-woody","5/8",3,"2022","10","17"
"1717",9,"non-woody","3/8",3,"2022","10","17"
"1718",10,"waterbody","8/8",1.08235294117647,"2022","10","17"
"1719",11,"woody","4/5",2.95,"2022","10","17"
"1720",12,"non-woody","7/8",2.9625,"2022","10","17"
"1721",13,"woody","1/8",2.19767441860465,"2022","10","17"
"1722",14,"woody","8/8",1,"2022","10","17"
"1723",1,"non-woody-winsen","4/8",2.96296296296296,"2022","12","01"
"1724",2,"non-woody","0",1,"2022","12","01"
"1725",3,"non-woody-winsen","5.8",2.7125,"2022","12","01"
"1726",4,"waterbody","7/8",1,"2022","12","01"
"1727",5,"non-woody","5/8",2.91463414634146,"2022","12","01"
"1728",6,"non-woody","2/8",3,"2022","12","01"
"1729",7,"non-woody","3/8",2.11764705882353,"2022","12","01"
"1730",8,"non-woody","5/8",2.9375,"2022","12","01"
"1731",9,"non-woody","3/8",3,"2022","12","01"
"1732",10,"waterbody","8/8",1.27058823529412,"2022","12","01"
"1733",11,"woody","4/5",1.2125,"2022","12","01"
"1734",12,"non-woody","7/8",3,"2022","12","01"
"1735",13,"woody","1/8",2.11627906976744,"2022","12","01"
"1736",14,"woody","8/8",1,"2022","12","01"
"1737",1,"non-woody-winsen","4/8",2.96296296296296,"2022","12","06"
"1738",2,"non-woody","0",1,"2022","12","06"
"1739",3,"non-woody-winsen","5.8",2.7125,"2022","12","06"
"1740",4,"waterbody","7/8",1,"2022","12","06"
"1741",5,"non-woody","5/8",2.9390243902439,"2022","12","06"
"1742",6,"non-woody","2/8",3,"2022","12","06"
"1743",7,"non-woody","3/8",2.23529411764706,"2022","12","06"
"1744",8,"non-woody","5/8",2.85,"2022","12","06"
"1745",9,"non-woody","3/8",3,"2022","12","06"
"1746",10,"waterbody","8/8",1.28235294117647,"2022","12","06"
"1747",11,"woody","4/5",1.225,"2022","12","06"
"1748",12,"non-woody","7/8",2.9875,"2022","12","06"
"1749",13,"woody","1/8",1.82558139534884,"2022","12","06"
"1750",14,"woody","8/8",1,"2022","12","06"
"1751",1,"non-woody-winsen","4/8",2.88888888888889,"2022","12","16"
"1752",2,"non-woody","0",1,"2022","12","16"
"1753",3,"non-woody-winsen","5.8",2.625,"2022","12","16"
"1754",4,"waterbody","7/8",1,"2022","12","16"
"1755",5,"non-woody","5/8",2.8780487804878,"2022","12","16"
"1756",6,"non-woody","2/8",2.61728395061728,"2022","12","16"
"1757",7,"non-woody","3/8",2.02352941176471,"2022","12","16"
"1758",8,"non-woody","5/8",2.65,"2022","12","16"
"1759",9,"non-woody","3/8",3,"2022","12","16"
"1760",10,"waterbody","8/8",1.2,"2022","12","16"
"1761",11,"woody","4/5",1.15,"2022","12","16"
"1762",12,"non-woody","7/8",2.875,"2022","12","16"
"1763",13,"woody","1/8",1.61627906976744,"2022","12","16"
"1764",14,"woody","8/8",1,"2022","12","16"
"1765",1,"non-woody-winsen","4/8",2.98765432098765,"2023","01","10"
"1766",2,"non-woody","0",4.425,"2023","01","10"
"1767",3,"non-woody-winsen","5.8",2.7625,"2023","01","10"
"1768",4,"waterbody","7/8",1,"2023","01","10"
"1769",5,"non-woody","5/8",2.90243902439024,"2023","01","10"
"1770",6,"non-woody","2/8",3,"2023","01","10"
"1771",7,"non-woody","3/8",2.42352941176471,"2023","01","10"
"1772",8,"non-woody","5/8",2.725,"2023","01","10"
"1773",9,"non-woody","3/8",3,"2023","01","10"
"1774",10,"waterbody","8/8",1.2,"2023","01","10"
"1775",11,"woody","4/5",1.325,"2023","01","10"
"1776",12,"non-woody","7/8",3,"2023","01","10"
"1777",13,"woody","1/8",2.68604651162791,"2023","01","10"
"1778",14,"woody","8/8",1,"2023","01","10"
"1779",1,"non-woody-winsen","4/8",2.97530864197531,"2023","01","25"
"1780",2,"non-woody","0",4.6125,"2023","01","25"
"1781",3,"non-woody-winsen","5.8",2.7875,"2023","01","25"
"1782",4,"waterbody","7/8",1,"2023","01","25"
"1783",5,"non-woody","5/8",2.8780487804878,"2023","01","25"
"1784",6,"non-woody","2/8",3,"2023","01","25"
"1785",7,"non-woody","3/8",2.47058823529412,"2023","01","25"
"1786",8,"non-woody","5/8",2.75,"2023","01","25"
"1787",9,"non-woody","3/8",3,"2023","01","25"
"1788",10,"waterbody","8/8",1.24705882352941,"2023","01","25"
"1789",11,"woody","4/5",1.5125,"2023","01","25"
"1790",12,"non-woody","7/8",3,"2023","01","25"
"1791",13,"woody","1/8",2.77906976744186,"2023","01","25"
"1792",14,"woody","8/8",1.0125,"2023","01","25"
